timestamp,src_ip,dst_ip,src_port,dst_port,protocol,bytes,action
2026-01-16T01:09:09.266331,192.168.1.226,10.0.0.64,59294,3389,ICMP,1441,ALLOW
2026-01-16T01:09:19.266331,192.168.1.157,10.0.0.15,13650,80,UDP,6953,DENY
2026-01-16T01:09:29.266331,192.168.1.46,10.0.0.145,15851,22,UDP,5872,DENY
2026-01-16T01:09:39.266331,192.168.1.92,10.0.0.122,7809,22,TCP,5949,ALLOW
2026-01-16T01:09:49.266331,192.168.1.191,10.0.0.151,40213,80,TCP,6424,ALLOW
2026-01-16T01:09:59.266331,192.168.1.189,10.0.0.121,59189,22,ICMP,2890,ALLOW
2026-01-16T01:10:09.266331,192.168.1.200,10.0.0.228,52502,21,UDP,2193,ALLOW
2026-01-16T01:10:19.266331,192.168.1.45,10.0.0.14,17378,80,UDP,542,ALLOW
2026-01-16T01:10:29.266331,192.168.1.180,10.0.0.92,16572,3389,ICMP,5596,ALLOW
2026-01-16T01:10:39.266331,192.168.1.157,10.0.0.207,51320,3389,ICMP,3496,ALLOW
2026-01-16T01:10:49.266331,192.168.1.155,10.0.0.162,46003,80,TCP,3507,ALLOW
2026-01-16T01:10:59.266331,192.168.1.196,10.0.0.50,54099,21,UDP,1528,ALLOW
2026-01-16T01:11:09.266331,192.168.1.247,10.0.0.154,27766,3389,TCP,208,ALLOW
2026-01-16T01:11:19.266331,192.168.1.126,10.0.0.4,38467,21,ICMP,4425,ALLOW
2026-01-16T01:11:29.266331,192.168.1.193,10.0.0.225,7272,443,ICMP,8548,ALLOW
2026-01-16T01:11:39.266331,192.168.1.137,10.0.0.217,19070,443,ICMP,2907,DENY
2026-01-16T01:11:49.266331,192.168.1.3,10.0.0.167,2309,443,ICMP,8925,ALLOW
2026-01-16T01:11:59.266331,192.168.1.198,10.0.0.220,36041,21,ICMP,3435,ALLOW
2026-01-16T01:12:09.266331,192.168.1.72,10.0.0.36,15260,80,UDP,1328,ALLOW
2026-01-16T01:12:19.266331,192.168.1.230,10.0.0.9,62630,443,TCP,1231,ALLOW
2026-01-16T01:12:29.266331,192.168.1.199,10.0.0.36,4130,80,UDP,5746,ALLOW
2026-01-16T01:12:39.266331,192.168.1.196,10.0.0.185,11636,443,UDP,9052,DENY
2026-01-16T01:12:49.266331,192.168.1.11,10.0.0.94,8407,21,ICMP,5857,DENY
2026-01-16T01:12:59.266331,192.168.1.177,10.0.0.10,53579,22,UDP,2949,ALLOW
2026-01-16T01:13:09.266331,192.168.1.84,10.0.0.122,63306,21,UDP,8827,ALLOW
2026-01-16T01:13:19.266331,192.168.1.42,10.0.0.16,9575,3389,UDP,4699,ALLOW
2026-01-16T01:13:29.266331,192.168.1.10,10.0.0.165,55064,443,ICMP,262,ALLOW
2026-01-16T01:13:39.266331,192.168.1.114,10.0.0.187,31385,21,ICMP,9399,ALLOW
2026-01-16T01:13:49.266331,192.168.1.2,10.0.0.72,55201,443,TCP,2281,ALLOW
2026-01-16T01:13:59.266331,192.168.1.139,10.0.0.174,60502,3389,UDP,7157,ALLOW
2026-01-16T01:14:09.266331,192.168.1.152,10.0.0.136,6020,21,UDP,323,ALLOW
2026-01-16T01:14:19.266331,192.168.1.23,10.0.0.67,41495,21,TCP,7859,DENY
2026-01-16T01:14:29.266331,192.168.1.239,10.0.0.62,4636,3389,UDP,4178,ALLOW
2026-01-16T01:14:39.266331,192.168.1.182,10.0.0.191,48300,443,UDP,4302,ALLOW
2026-01-16T01:14:49.266331,192.168.1.125,10.0.0.115,28235,3389,ICMP,8331,ALLOW
2026-01-16T01:14:59.266331,192.168.1.207,10.0.0.185,45378,443,ICMP,9237,ALLOW
2026-01-16T01:15:09.266331,192.168.1.93,10.0.0.228,14059,21,ICMP,7348,ALLOW
2026-01-16T01:15:19.266331,192.168.1.140,10.0.0.219,58445,443,TCP,545,DENY
2026-01-16T01:15:29.266331,192.168.1.121,10.0.0.19,13942,3389,UDP,1504,ALLOW
2026-01-16T01:15:39.266331,192.168.1.156,10.0.0.148,51738,3389,UDP,5543,ALLOW
2026-01-16T01:15:49.266331,192.168.1.133,10.0.0.103,55713,22,TCP,4672,ALLOW
2026-01-16T01:15:59.266331,192.168.1.179,10.0.0.230,57864,80,ICMP,9870,ALLOW
2026-01-16T01:16:09.266331,192.168.1.45,10.0.0.23,58345,22,UDP,2737,ALLOW
2026-01-16T01:16:19.266331,192.168.1.162,10.0.0.28,57220,3389,TCP,9189,DENY
2026-01-16T01:16:29.266331,192.168.1.44,10.0.0.206,34444,443,ICMP,6457,ALLOW
2026-01-16T01:16:39.266331,192.168.1.3,10.0.0.243,17284,443,TCP,3274,ALLOW
2026-01-16T01:16:49.266331,192.168.1.52,10.0.0.171,53122,21,TCP,3207,ALLOW
2026-01-16T01:16:59.266331,192.168.1.5,10.0.0.159,43099,3389,UDP,8353,ALLOW
2026-01-16T01:17:09.266331,192.168.1.27,10.0.0.76,55360,80,UDP,764,ALLOW
2026-01-16T01:17:19.266331,192.168.1.57,10.0.0.93,52706,3389,TCP,470,ALLOW
2026-01-16T01:17:29.266331,192.168.1.22,10.0.0.150,24374,80,UDP,1462,ALLOW
2026-01-16T01:17:39.266331,192.168.1.166,10.0.0.114,52271,3389,TCP,3190,ALLOW
2026-01-16T01:17:49.266331,192.168.1.245,10.0.0.102,6414,21,ICMP,4240,ALLOW
2026-01-16T01:17:59.266331,192.168.1.28,10.0.0.166,32570,21,ICMP,1710,ALLOW
2026-01-16T01:18:09.266331,192.168.1.65,10.0.0.71,53168,3389,TCP,1661,ALLOW
2026-01-16T01:18:19.266331,192.168.1.190,10.0.0.82,18178,443,UDP,538,ALLOW
2026-01-16T01:18:29.266331,192.168.1.161,10.0.0.213,51022,3389,TCP,1988,ALLOW
2026-01-16T01:18:39.266331,192.168.1.83,10.0.0.39,18526,3389,ICMP,688,ALLOW
2026-01-16T01:18:49.266331,192.168.1.121,10.0.0.101,57683,21,TCP,8853,DENY
2026-01-16T01:18:59.266331,192.168.1.126,10.0.0.32,33916,443,UDP,362,ALLOW
2026-01-16T01:19:09.266331,192.168.1.74,10.0.0.208,44725,21,TCP,2218,ALLOW
2026-01-16T01:19:19.266331,192.168.1.110,10.0.0.81,6531,22,TCP,6217,ALLOW
2026-01-16T01:19:29.266331,192.168.1.33,10.0.0.193,26498,21,ICMP,9475,ALLOW
2026-01-16T01:19:39.266331,192.168.1.215,10.0.0.134,10006,22,TCP,5896,ALLOW
2026-01-16T01:19:49.266331,192.168.1.119,10.0.0.83,12494,22,ICMP,492,DENY
2026-01-16T01:19:59.266331,192.168.1.248,10.0.0.251,11094,443,TCP,7683,ALLOW
2026-01-16T01:20:09.266331,192.168.1.38,10.0.0.43,48566,80,UDP,895,DENY
2026-01-16T01:20:19.266331,192.168.1.7,10.0.0.135,29990,21,UDP,6136,ALLOW
2026-01-16T01:20:29.266331,192.168.1.110,10.0.0.7,38882,21,ICMP,3465,ALLOW
2026-01-16T01:20:39.266331,192.168.1.137,10.0.0.153,38323,443,ICMP,4351,ALLOW
2026-01-16T01:20:49.266331,192.168.1.170,10.0.0.115,24826,443,TCP,3514,DENY
2026-01-16T01:20:59.266331,192.168.1.162,10.0.0.121,14630,22,TCP,5788,ALLOW
2026-01-16T01:21:09.266331,192.168.1.116,10.0.0.68,16341,21,UDP,2066,ALLOW
2026-01-16T01:21:19.266331,192.168.1.143,10.0.0.191,9274,3389,ICMP,5788,DENY
2026-01-16T01:21:29.266331,192.168.1.15,10.0.0.204,59320,21,UDP,4224,DENY
2026-01-16T01:21:39.266331,192.168.1.136,10.0.0.36,18535,21,UDP,1913,ALLOW
2026-01-16T01:21:49.266331,192.168.1.28,10.0.0.130,44244,80,UDP,2187,ALLOW
2026-01-16T01:21:59.266331,192.168.1.233,10.0.0.122,58844,443,UDP,6136,ALLOW
2026-01-16T01:22:09.266331,192.168.1.159,10.0.0.37,46480,443,ICMP,1293,ALLOW
2026-01-16T01:22:19.266331,192.168.1.10,10.0.0.20,7522,80,TCP,5769,ALLOW
2026-01-16T01:22:29.266331,192.168.1.199,10.0.0.45,30836,21,UDP,7022,DENY
2026-01-16T01:22:39.266331,192.168.1.109,10.0.0.202,60368,80,TCP,6567,ALLOW
2026-01-16T01:22:49.266331,192.168.1.173,10.0.0.100,38454,443,TCP,614,ALLOW
2026-01-16T01:22:59.266331,192.168.1.237,10.0.0.162,36724,443,ICMP,9827,ALLOW
2026-01-16T01:23:09.266331,192.168.1.228,10.0.0.120,15109,3389,ICMP,7631,ALLOW
2026-01-16T01:23:19.266331,192.168.1.55,10.0.0.67,65245,3389,TCP,4002,DENY
2026-01-16T01:23:29.266331,192.168.1.158,10.0.0.47,1873,21,UDP,3682,DENY
2026-01-16T01:23:39.266331,192.168.1.57,10.0.0.42,36616,22,ICMP,9777,DENY
2026-01-16T01:23:49.266331,192.168.1.207,10.0.0.144,46728,22,UDP,9830,DENY
2026-01-16T01:23:59.266331,192.168.1.161,10.0.0.187,29469,22,TCP,5447,ALLOW
2026-01-16T01:24:09.266331,192.168.1.93,10.0.0.203,36064,443,TCP,6021,ALLOW
2026-01-16T01:24:19.266331,192.168.1.101,10.0.0.184,23307,21,ICMP,4290,ALLOW
2026-01-16T01:24:29.266331,192.168.1.21,10.0.0.145,29755,22,ICMP,1342,ALLOW
2026-01-16T01:24:39.266331,192.168.1.85,10.0.0.197,12239,21,ICMP,7775,ALLOW
2026-01-16T01:24:49.266331,192.168.1.25,10.0.0.155,43627,3389,UDP,8124,ALLOW
2026-01-16T01:24:59.266331,192.168.1.228,10.0.0.24,51042,3389,UDP,5265,ALLOW
2026-01-16T01:25:09.266331,192.168.1.103,10.0.0.220,6957,22,TCP,4272,DENY
2026-01-16T01:25:19.266331,192.168.1.158,10.0.0.13,2783,443,UDP,1653,DENY
2026-01-16T01:25:29.266331,192.168.1.237,10.0.0.38,40279,22,ICMP,459,ALLOW
2026-01-16T01:25:39.266331,192.168.1.100,10.0.0.120,14206,443,ICMP,4831,ALLOW
2026-01-16T01:25:49.266331,192.168.1.208,10.0.0.61,5000,3389,UDP,5455,ALLOW
2026-01-16T01:25:59.266331,192.168.1.78,10.0.0.13,61341,3389,UDP,3661,ALLOW
2026-01-16T01:26:09.266331,192.168.1.183,10.0.0.164,2094,443,TCP,2165,DENY
2026-01-16T01:26:19.266331,192.168.1.48,10.0.0.222,39173,80,ICMP,1984,ALLOW
2026-01-16T01:26:29.266331,192.168.1.195,10.0.0.119,18575,22,UDP,7053,ALLOW
2026-01-16T01:26:39.266331,192.168.1.78,10.0.0.181,61191,22,ICMP,5650,ALLOW
2026-01-16T01:26:49.266331,192.168.1.51,10.0.0.36,49578,80,TCP,5328,ALLOW
2026-01-16T01:26:59.266331,192.168.1.13,10.0.0.23,60493,443,ICMP,7944,ALLOW
2026-01-16T01:27:09.266331,192.168.1.108,10.0.0.65,41980,443,UDP,4031,ALLOW
2026-01-16T01:27:19.266331,192.168.1.89,10.0.0.82,28035,21,UDP,8371,ALLOW
2026-01-16T01:27:29.266331,192.168.1.19,10.0.0.223,35748,3389,TCP,3663,ALLOW
2026-01-16T01:27:39.266331,192.168.1.148,10.0.0.216,46214,80,TCP,1022,ALLOW
2026-01-16T01:27:49.266331,192.168.1.233,10.0.0.170,10000,3389,TCP,1200,ALLOW
2026-01-16T01:27:59.266331,192.168.1.167,10.0.0.182,51545,80,ICMP,7513,ALLOW
2026-01-16T01:28:09.266331,192.168.1.150,10.0.0.40,48608,80,UDP,1876,ALLOW
2026-01-16T01:28:19.266331,192.168.1.151,10.0.0.14,33075,443,UDP,8181,ALLOW
2026-01-16T01:28:29.266331,192.168.1.155,10.0.0.175,13367,443,ICMP,5524,ALLOW
2026-01-16T01:28:39.266331,192.168.1.10,10.0.0.151,43576,22,UDP,3390,ALLOW
2026-01-16T01:28:49.266331,192.168.1.225,10.0.0.163,29765,22,ICMP,3617,ALLOW
2026-01-16T01:28:59.266331,192.168.1.165,10.0.0.22,53607,80,TCP,6592,ALLOW
2026-01-16T01:29:09.266331,192.168.1.79,10.0.0.145,8888,3389,ICMP,1789,DENY
2026-01-16T01:29:19.266331,192.168.1.226,10.0.0.34,43798,443,UDP,789,DENY
2026-01-16T01:29:29.266331,192.168.1.25,10.0.0.21,48858,22,UDP,7995,DENY
2026-01-16T01:29:39.266331,192.168.1.87,10.0.0.245,21635,3389,UDP,2906,ALLOW
2026-01-16T01:29:49.266331,192.168.1.102,10.0.0.45,45758,3389,TCP,4653,DENY
2026-01-16T01:29:59.266331,192.168.1.104,10.0.0.190,27341,22,UDP,2489,ALLOW
2026-01-16T01:30:09.266331,192.168.1.165,10.0.0.78,54129,443,ICMP,2468,DENY
2026-01-16T01:30:19.266331,192.168.1.78,10.0.0.22,28680,3389,ICMP,1456,ALLOW
2026-01-16T01:30:29.266331,192.168.1.154,10.0.0.168,9259,80,ICMP,3077,DENY
2026-01-16T01:30:39.266331,192.168.1.190,10.0.0.156,42396,21,UDP,1867,ALLOW
2026-01-16T01:30:49.266331,192.168.1.185,10.0.0.25,54242,3389,ICMP,4796,DENY
2026-01-16T01:30:59.266331,192.168.1.41,10.0.0.12,28523,443,ICMP,9404,ALLOW
2026-01-16T01:31:09.266331,192.168.1.71,10.0.0.101,6746,21,ICMP,3692,DENY
2026-01-16T01:31:19.266331,192.168.1.109,10.0.0.79,49545,22,UDP,2101,ALLOW
2026-01-16T01:31:29.266331,192.168.1.127,10.0.0.210,8553,80,TCP,2542,ALLOW
2026-01-16T01:31:39.266331,192.168.1.103,10.0.0.199,40524,80,ICMP,4384,ALLOW
2026-01-16T01:31:49.266331,192.168.1.83,10.0.0.26,62229,21,TCP,5246,ALLOW
2026-01-16T01:31:59.266331,192.168.1.209,10.0.0.88,51679,80,TCP,9837,ALLOW
2026-01-16T01:32:09.266331,192.168.1.104,10.0.0.213,52687,443,ICMP,9855,ALLOW
2026-01-16T01:32:19.266331,192.168.1.88,10.0.0.137,31107,3389,ICMP,3382,DENY
2026-01-16T01:32:29.266331,192.168.1.191,10.0.0.110,31380,3389,UDP,4996,ALLOW
2026-01-16T01:32:39.266331,192.168.1.83,10.0.0.220,31892,443,TCP,7157,DENY
2026-01-16T01:32:49.266331,192.168.1.53,10.0.0.189,60135,22,TCP,2715,ALLOW
2026-01-16T01:32:59.266331,192.168.1.185,10.0.0.7,56987,21,UDP,3317,DENY
2026-01-16T01:33:09.266331,192.168.1.162,10.0.0.49,16535,21,ICMP,151,DENY
2026-01-16T01:33:19.266331,192.168.1.99,10.0.0.106,54838,443,UDP,960,ALLOW
2026-01-16T01:33:29.266331,192.168.1.241,10.0.0.93,29406,22,ICMP,476,DENY
2026-01-16T01:33:39.266331,192.168.1.37,10.0.0.183,11314,80,TCP,2250,ALLOW
2026-01-16T01:33:49.266331,192.168.1.59,10.0.0.157,24101,3389,TCP,6598,DENY
2026-01-16T01:33:59.266331,192.168.1.68,10.0.0.165,8795,22,UDP,5810,ALLOW
2026-01-16T01:34:09.266331,192.168.1.80,10.0.0.177,34284,3389,UDP,7673,ALLOW
2026-01-16T01:34:19.266331,192.168.1.207,10.0.0.9,51262,21,UDP,859,ALLOW
2026-01-16T01:34:29.266331,192.168.1.5,10.0.0.134,30891,443,ICMP,2870,ALLOW
2026-01-16T01:34:39.266331,192.168.1.1,10.0.0.163,21313,80,TCP,7820,ALLOW
2026-01-16T01:34:49.266331,192.168.1.115,10.0.0.164,47136,22,UDP,439,ALLOW
2026-01-16T01:34:59.266331,192.168.1.215,10.0.0.92,11243,3389,ICMP,2057,ALLOW
2026-01-16T01:35:09.266331,192.168.1.249,10.0.0.17,6540,22,TCP,2069,ALLOW
2026-01-16T01:35:19.266331,192.168.1.210,10.0.0.104,56705,21,ICMP,1355,ALLOW
2026-01-16T01:35:29.266331,192.168.1.59,10.0.0.112,54620,3389,TCP,6717,ALLOW
2026-01-16T01:35:39.266331,192.168.1.238,10.0.0.65,31443,21,ICMP,6224,ALLOW
2026-01-16T01:35:49.266331,192.168.1.77,10.0.0.65,45041,3389,TCP,492,ALLOW
2026-01-16T01:35:59.266331,192.168.1.172,10.0.0.253,13322,80,ICMP,4213,DENY
2026-01-16T01:36:09.266331,192.168.1.94,10.0.0.186,15762,22,UDP,8348,DENY
2026-01-16T01:36:19.266331,192.168.1.128,10.0.0.169,12590,443,TCP,8366,ALLOW
2026-01-16T01:36:29.266331,192.168.1.246,10.0.0.10,35662,443,ICMP,7838,DENY
2026-01-16T01:36:39.266331,192.168.1.163,10.0.0.80,37030,21,UDP,7078,ALLOW
2026-01-16T01:36:49.266331,192.168.1.251,10.0.0.220,23655,443,TCP,3096,ALLOW
2026-01-16T01:36:59.266331,192.168.1.213,10.0.0.56,36287,3389,ICMP,1515,DENY
2026-01-16T01:37:09.266331,192.168.1.244,10.0.0.98,27490,80,ICMP,6440,ALLOW
2026-01-16T01:37:19.266331,192.168.1.106,10.0.0.55,17880,3389,UDP,8909,ALLOW
2026-01-16T01:37:29.266331,192.168.1.101,10.0.0.96,47901,3389,TCP,9030,ALLOW
2026-01-16T01:37:39.266331,192.168.1.38,10.0.0.114,43799,22,TCP,3255,DENY
2026-01-16T01:37:49.266331,192.168.1.185,10.0.0.221,42205,80,ICMP,4615,ALLOW
2026-01-16T01:37:59.266331,192.168.1.242,10.0.0.151,64389,443,ICMP,6946,ALLOW
2026-01-16T01:38:09.266331,192.168.1.226,10.0.0.69,4650,21,TCP,137,DENY
2026-01-16T01:38:19.266331,192.168.1.48,10.0.0.117,36431,80,ICMP,1271,DENY
2026-01-16T01:38:29.266331,192.168.1.225,10.0.0.182,13079,443,TCP,5198,ALLOW
2026-01-16T01:38:39.266331,192.168.1.69,10.0.0.28,6881,443,ICMP,8132,ALLOW
2026-01-16T01:38:49.266331,192.168.1.28,10.0.0.16,52968,3389,UDP,9220,ALLOW
2026-01-16T01:38:59.266331,192.168.1.146,10.0.0.185,58909,443,ICMP,3291,ALLOW
2026-01-16T01:39:09.266331,192.168.1.13,10.0.0.39,63905,22,UDP,3625,ALLOW
2026-01-16T01:39:19.266331,192.168.1.197,10.0.0.237,42275,443,TCP,141,ALLOW
2026-01-16T01:39:29.266331,192.168.1.54,10.0.0.203,25635,443,ICMP,5357,ALLOW
2026-01-16T01:39:39.266331,192.168.1.171,10.0.0.138,20149,3389,TCP,1656,ALLOW
2026-01-16T01:39:49.266331,192.168.1.179,10.0.0.7,20545,80,UDP,4823,ALLOW
2026-01-16T01:39:59.266331,192.168.1.29,10.0.0.95,23102,21,UDP,7496,ALLOW
2026-01-16T01:40:09.266331,192.168.1.99,10.0.0.57,62552,21,UDP,8428,ALLOW
2026-01-16T01:40:19.266331,192.168.1.14,10.0.0.128,51960,22,ICMP,8213,ALLOW
2026-01-16T01:40:29.266331,192.168.1.90,10.0.0.63,61888,3389,TCP,1067,ALLOW
2026-01-16T01:40:39.266331,192.168.1.41,10.0.0.251,9407,22,ICMP,243,DENY
2026-01-16T01:40:49.266331,192.168.1.119,10.0.0.216,62229,80,UDP,4959,DENY
2026-01-16T01:40:59.266331,192.168.1.105,10.0.0.238,49485,443,TCP,4170,ALLOW
2026-01-16T01:41:09.266331,192.168.1.158,10.0.0.103,15579,21,UDP,5719,ALLOW
2026-01-16T01:41:19.266331,192.168.1.23,10.0.0.176,1846,22,TCP,9378,ALLOW
2026-01-16T01:41:29.266331,192.168.1.54,10.0.0.92,6054,443,UDP,8194,ALLOW
2026-01-16T01:41:39.266331,192.168.1.193,10.0.0.233,5163,443,UDP,2921,ALLOW
2026-01-16T01:41:49.266331,192.168.1.29,10.0.0.192,56535,80,TCP,9153,ALLOW
2026-01-16T01:41:59.266331,192.168.1.34,10.0.0.94,9686,443,TCP,9591,ALLOW
2026-01-16T01:42:09.266331,192.168.1.53,10.0.0.201,13410,21,UDP,8009,ALLOW
2026-01-16T01:42:19.266331,192.168.1.83,10.0.0.4,25826,80,ICMP,4078,ALLOW
2026-01-16T01:42:29.266331,192.168.1.154,10.0.0.154,6849,80,TCP,8254,ALLOW
2026-01-16T01:42:39.266331,192.168.1.220,10.0.0.234,62524,22,ICMP,5811,ALLOW
2026-01-16T01:42:49.266331,192.168.1.49,10.0.0.29,39447,80,ICMP,965,DENY
2026-01-16T01:42:59.266331,192.168.1.209,10.0.0.99,45264,80,TCP,4817,DENY
2026-01-16T01:43:09.266331,192.168.1.182,10.0.0.23,36185,80,ICMP,6896,ALLOW
2026-01-16T01:43:19.266331,192.168.1.19,10.0.0.234,39027,443,TCP,2125,ALLOW
2026-01-16T01:43:29.266331,192.168.1.82,10.0.0.108,61824,21,ICMP,7344,ALLOW
2026-01-16T01:43:39.266331,192.168.1.84,10.0.0.24,6254,80,ICMP,6344,ALLOW
2026-01-16T01:43:49.266331,192.168.1.173,10.0.0.183,1579,80,ICMP,2617,ALLOW
2026-01-16T01:43:59.266331,192.168.1.156,10.0.0.116,24374,22,ICMP,5475,ALLOW
2026-01-16T01:44:09.266331,192.168.1.209,10.0.0.219,34260,443,ICMP,2721,ALLOW
2026-01-16T01:44:19.266331,192.168.1.138,10.0.0.201,56094,80,TCP,2740,ALLOW
2026-01-16T01:44:29.266331,192.168.1.154,10.0.0.111,41631,21,UDP,1409,DENY
2026-01-16T01:44:39.266331,192.168.1.148,10.0.0.160,49389,21,ICMP,4211,ALLOW
2026-01-16T01:44:49.266331,192.168.1.215,10.0.0.231,40653,3389,TCP,8946,DENY
2026-01-16T01:44:59.266331,192.168.1.245,10.0.0.154,60145,22,UDP,5244,ALLOW
2026-01-16T01:45:09.266331,192.168.1.121,10.0.0.89,12220,80,TCP,8578,DENY
2026-01-16T01:45:19.266331,192.168.1.74,10.0.0.120,2629,3389,ICMP,3529,DENY
2026-01-16T01:45:29.266331,192.168.1.80,10.0.0.208,62752,22,ICMP,604,ALLOW
2026-01-16T01:45:39.266331,192.168.1.155,10.0.0.245,53025,80,ICMP,8674,ALLOW
2026-01-16T01:45:49.266331,192.168.1.78,10.0.0.61,39961,443,ICMP,3814,ALLOW
2026-01-16T01:45:59.266331,192.168.1.190,10.0.0.8,19792,443,TCP,2016,ALLOW
2026-01-16T01:46:09.266331,192.168.1.119,10.0.0.73,6358,80,TCP,9463,ALLOW
2026-01-16T01:46:19.266331,192.168.1.101,10.0.0.56,20112,3389,UDP,3610,ALLOW
2026-01-16T01:46:29.266331,192.168.1.235,10.0.0.218,47005,3389,TCP,4542,ALLOW
2026-01-16T01:46:39.266331,192.168.1.76,10.0.0.45,13307,21,TCP,8371,DENY
2026-01-16T01:46:49.266331,192.168.1.63,10.0.0.119,42293,80,TCP,3318,ALLOW
2026-01-16T01:46:59.266331,192.168.1.150,10.0.0.165,13860,443,UDP,2453,ALLOW
2026-01-16T01:47:09.266331,192.168.1.46,10.0.0.62,3139,80,UDP,640,ALLOW
2026-01-16T01:47:19.266331,192.168.1.243,10.0.0.10,2343,21,UDP,8454,ALLOW
2026-01-16T01:47:29.266331,192.168.1.169,10.0.0.25,35309,443,UDP,2005,ALLOW
2026-01-16T01:47:39.266331,192.168.1.219,10.0.0.60,38424,3389,TCP,7695,ALLOW
2026-01-16T01:47:49.266331,192.168.1.195,10.0.0.247,64399,443,TCP,5590,DENY
2026-01-16T01:47:59.266331,192.168.1.198,10.0.0.145,26002,22,TCP,4452,ALLOW
2026-01-16T01:48:09.266331,192.168.1.234,10.0.0.72,31935,22,TCP,1531,ALLOW
2026-01-16T01:48:19.266331,192.168.1.216,10.0.0.224,50148,22,TCP,7892,DENY
2026-01-16T01:48:29.266331,192.168.1.76,10.0.0.201,1871,3389,UDP,185,ALLOW
2026-01-16T01:48:39.266331,192.168.1.158,10.0.0.93,58762,443,ICMP,940,ALLOW
2026-01-16T01:48:49.266331,192.168.1.64,10.0.0.239,14088,3389,UDP,9373,ALLOW
2026-01-16T01:48:59.266331,192.168.1.28,10.0.0.44,18918,80,UDP,1045,ALLOW
2026-01-16T01:49:09.266331,192.168.1.101,10.0.0.97,13188,3389,UDP,3147,DENY
2026-01-16T01:49:19.266331,192.168.1.92,10.0.0.129,49394,21,UDP,4491,ALLOW
2026-01-16T01:49:29.266331,192.168.1.238,10.0.0.175,32610,22,UDP,869,DENY
2026-01-16T01:49:39.266331,192.168.1.232,10.0.0.200,6457,443,TCP,123,ALLOW
2026-01-16T01:49:49.266331,192.168.1.17,10.0.0.170,12581,3389,TCP,4796,ALLOW
2026-01-16T01:49:59.266331,192.168.1.18,10.0.0.1,41828,22,ICMP,4916,ALLOW
2026-01-16T01:50:09.266331,192.168.1.106,10.0.0.134,19198,3389,ICMP,1591,ALLOW
2026-01-16T01:50:19.266331,192.168.1.52,10.0.0.189,36559,80,UDP,8816,ALLOW
2026-01-16T01:50:29.266331,192.168.1.150,10.0.0.46,31434,21,TCP,5232,ALLOW
2026-01-16T01:50:39.266331,192.168.1.126,10.0.0.249,25135,21,ICMP,3500,DENY
2026-01-16T01:50:49.266331,192.168.1.158,10.0.0.210,28515,3389,UDP,263,ALLOW
2026-01-16T01:50:59.266331,192.168.1.24,10.0.0.234,39109,22,ICMP,8823,ALLOW
2026-01-16T01:51:09.266331,192.168.1.63,10.0.0.32,25446,80,TCP,5925,ALLOW
2026-01-16T01:51:19.266331,192.168.1.130,10.0.0.26,46990,80,UDP,8101,ALLOW
2026-01-16T01:51:29.266331,192.168.1.199,10.0.0.182,47264,3389,UDP,4573,ALLOW
2026-01-16T01:51:39.266331,192.168.1.36,10.0.0.25,11517,3389,TCP,9871,ALLOW
2026-01-16T01:51:49.266331,192.168.1.243,10.0.0.171,62558,21,TCP,2596,ALLOW
2026-01-16T01:51:59.266331,192.168.1.102,10.0.0.221,57034,3389,UDP,9933,ALLOW
2026-01-16T01:52:09.266331,192.168.1.135,10.0.0.206,34118,3389,TCP,6280,ALLOW
2026-01-16T01:52:19.266331,192.168.1.15,10.0.0.78,14434,443,ICMP,963,DENY
2026-01-16T01:52:29.266331,192.168.1.200,10.0.0.111,7979,80,TCP,7293,ALLOW
2026-01-16T01:52:39.266331,192.168.1.44,10.0.0.157,1926,443,TCP,4617,ALLOW
2026-01-16T01:52:49.266331,192.168.1.219,10.0.0.150,15555,80,UDP,962,ALLOW
2026-01-16T01:52:59.266331,192.168.1.41,10.0.0.204,34581,21,UDP,664,ALLOW
2026-01-16T01:53:09.266331,192.168.1.156,10.0.0.136,47989,21,ICMP,9274,ALLOW
2026-01-16T01:53:19.266331,192.168.1.168,10.0.0.190,11622,3389,ICMP,3240,ALLOW
2026-01-16T01:53:29.266331,192.168.1.103,10.0.0.8,37652,443,UDP,3796,ALLOW
2026-01-16T01:53:39.266331,192.168.1.89,10.0.0.250,16684,3389,TCP,7236,ALLOW
2026-01-16T01:53:49.266331,192.168.1.145,10.0.0.156,1832,22,TCP,3685,DENY
2026-01-16T01:53:59.266331,192.168.1.61,10.0.0.161,58105,80,TCP,1391,DENY
2026-01-16T01:54:09.266331,192.168.1.224,10.0.0.39,19935,22,UDP,5621,ALLOW
2026-01-16T01:54:19.266331,192.168.1.128,10.0.0.154,53436,80,ICMP,2383,ALLOW
2026-01-16T01:54:29.266331,192.168.1.233,10.0.0.195,30927,443,ICMP,9930,ALLOW
2026-01-16T01:54:39.266331,192.168.1.61,10.0.0.142,42462,80,UDP,6067,ALLOW
2026-01-16T01:54:49.266331,192.168.1.47,10.0.0.164,48857,21,UDP,975,ALLOW
2026-01-16T01:54:59.266331,192.168.1.163,10.0.0.203,1649,80,TCP,9441,ALLOW
2026-01-16T01:55:09.266331,192.168.1.90,10.0.0.215,10463,80,ICMP,8253,ALLOW
2026-01-16T01:55:19.266331,192.168.1.185,10.0.0.164,16253,443,ICMP,4117,DENY
2026-01-16T01:55:29.266331,192.168.1.241,10.0.0.13,8152,21,TCP,1893,ALLOW
2026-01-16T01:55:39.266331,192.168.1.201,10.0.0.75,26358,3389,ICMP,4213,ALLOW
2026-01-16T01:55:49.266331,192.168.1.56,10.0.0.44,64008,80,ICMP,9867,DENY
2026-01-16T01:55:59.266331,192.168.1.33,10.0.0.70,1512,21,TCP,2518,ALLOW
2026-01-16T01:56:09.266331,192.168.1.231,10.0.0.120,12412,80,UDP,5257,ALLOW
2026-01-16T01:56:19.266331,192.168.1.181,10.0.0.153,39921,21,ICMP,2845,ALLOW
2026-01-16T01:56:29.266331,192.168.1.213,10.0.0.233,14309,21,UDP,6222,ALLOW
2026-01-16T01:56:39.266331,192.168.1.171,10.0.0.14,5019,22,UDP,5594,ALLOW
2026-01-16T01:56:49.266331,192.168.1.238,10.0.0.175,7761,443,TCP,7596,ALLOW
2026-01-16T01:56:59.266331,192.168.1.174,10.0.0.83,57647,21,UDP,9465,ALLOW
2026-01-16T01:57:09.266331,192.168.1.12,10.0.0.196,13842,80,ICMP,7052,DENY
2026-01-16T01:57:19.266331,192.168.1.24,10.0.0.94,25776,22,ICMP,5033,ALLOW
2026-01-16T01:57:29.266331,192.168.1.153,10.0.0.193,18851,80,ICMP,6686,ALLOW
2026-01-16T01:57:39.266331,192.168.1.63,10.0.0.77,56072,21,ICMP,477,DENY
2026-01-16T01:57:49.266331,192.168.1.177,10.0.0.141,30677,21,TCP,1632,ALLOW
2026-01-16T01:57:59.266331,192.168.1.215,10.0.0.207,59404,80,ICMP,1135,DENY
2026-01-16T01:58:09.266331,192.168.1.167,10.0.0.205,2582,3389,ICMP,7197,ALLOW
2026-01-16T01:58:19.266331,192.168.1.184,10.0.0.88,8252,443,ICMP,2515,ALLOW
2026-01-16T01:58:29.266331,192.168.1.93,10.0.0.129,46286,80,UDP,4744,DENY
2026-01-16T01:58:39.266331,192.168.1.49,10.0.0.239,31646,22,UDP,5141,ALLOW
2026-01-16T01:58:49.266331,192.168.1.138,10.0.0.4,4762,3389,ICMP,1264,ALLOW
2026-01-16T01:58:59.266331,192.168.1.140,10.0.0.152,25749,21,ICMP,3690,ALLOW
2026-01-16T01:59:09.266331,192.168.1.115,10.0.0.24,29159,21,TCP,457,ALLOW
2026-01-16T01:59:19.266331,192.168.1.40,10.0.0.5,63677,3389,TCP,2812,ALLOW
2026-01-16T01:59:29.266331,192.168.1.114,10.0.0.197,7455,21,ICMP,2279,ALLOW
2026-01-16T01:59:39.266331,192.168.1.77,10.0.0.229,29132,80,ICMP,8129,ALLOW
2026-01-16T01:59:49.266331,192.168.1.59,10.0.0.139,46759,22,UDP,1721,ALLOW
2026-01-16T01:59:59.266331,192.168.1.229,10.0.0.135,34311,80,ICMP,2665,ALLOW
2026-01-16T02:00:09.266331,192.168.1.173,10.0.0.148,20004,80,TCP,9911,ALLOW
2026-01-16T02:00:19.266331,192.168.1.21,10.0.0.186,58829,3389,UDP,9605,ALLOW
2026-01-16T02:00:29.266331,192.168.1.180,10.0.0.82,31162,443,UDP,152,ALLOW
2026-01-16T02:00:39.266331,192.168.1.109,10.0.0.32,5473,3389,ICMP,6007,ALLOW
2026-01-16T02:00:49.266331,192.168.1.109,10.0.0.67,35774,21,UDP,7656,ALLOW
2026-01-16T02:00:59.266331,192.168.1.124,10.0.0.153,7865,443,UDP,6622,ALLOW
2026-01-16T02:01:09.266331,192.168.1.150,10.0.0.82,33421,3389,UDP,8674,DENY
2026-01-16T02:01:19.266331,192.168.1.155,10.0.0.252,33836,80,UDP,4850,ALLOW
2026-01-16T02:01:29.266331,192.168.1.214,10.0.0.235,28545,80,UDP,8257,ALLOW
2026-01-16T02:01:39.266331,192.168.1.66,10.0.0.27,40403,443,UDP,1954,ALLOW
2026-01-16T02:01:49.266331,192.168.1.155,10.0.0.185,63263,3389,UDP,9987,ALLOW
2026-01-16T02:01:59.266331,192.168.1.201,10.0.0.99,50540,3389,ICMP,7192,ALLOW
2026-01-16T02:02:09.266331,192.168.1.221,10.0.0.237,12105,80,TCP,6144,ALLOW
2026-01-16T02:02:19.266331,192.168.1.11,10.0.0.8,20167,80,UDP,9743,DENY
2026-01-16T02:02:29.266331,192.168.1.191,10.0.0.153,58200,80,TCP,9363,DENY
2026-01-16T02:02:39.266331,192.168.1.75,10.0.0.160,60876,22,UDP,7590,ALLOW
2026-01-16T02:02:49.266331,192.168.1.42,10.0.0.8,19215,21,TCP,654,ALLOW
2026-01-16T02:02:59.266331,192.168.1.105,10.0.0.81,49756,21,ICMP,4866,ALLOW
2026-01-16T02:03:09.266331,192.168.1.149,10.0.0.239,9289,3389,ICMP,4731,ALLOW
2026-01-16T02:03:19.266331,192.168.1.113,10.0.0.207,42724,443,TCP,9750,DENY
2026-01-16T02:03:29.266331,192.168.1.110,10.0.0.197,50059,22,ICMP,4579,ALLOW
2026-01-16T02:03:39.266331,192.168.1.92,10.0.0.99,49217,3389,ICMP,7788,ALLOW
2026-01-16T02:03:49.266331,192.168.1.139,10.0.0.61,1842,21,TCP,4254,ALLOW
2026-01-16T02:03:59.266331,192.168.1.115,10.0.0.23,59233,21,UDP,5800,ALLOW
2026-01-16T02:04:09.266331,192.168.1.122,10.0.0.240,54469,21,UDP,159,ALLOW
2026-01-16T02:04:19.266331,192.168.1.119,10.0.0.247,21186,443,TCP,5228,DENY
2026-01-16T02:04:29.266331,192.168.1.112,10.0.0.20,23568,3389,UDP,320,ALLOW
2026-01-16T02:04:39.266331,192.168.1.19,10.0.0.241,7041,80,UDP,7318,ALLOW
2026-01-16T02:04:49.266331,192.168.1.90,10.0.0.141,22347,21,ICMP,2255,ALLOW
2026-01-16T02:04:59.266331,192.168.1.156,10.0.0.141,24954,3389,ICMP,9312,DENY
2026-01-16T02:05:09.266331,192.168.1.220,10.0.0.90,50692,3389,ICMP,9813,ALLOW
2026-01-16T02:05:19.266331,192.168.1.126,10.0.0.242,54763,22,ICMP,5161,ALLOW
2026-01-16T02:05:29.266331,192.168.1.146,10.0.0.210,47612,22,UDP,9881,ALLOW
2026-01-16T02:05:39.266331,192.168.1.128,10.0.0.180,51935,80,TCP,6221,ALLOW
2026-01-16T02:05:49.266331,192.168.1.235,10.0.0.20,6350,22,UDP,7542,ALLOW
2026-01-16T02:05:59.266331,192.168.1.253,10.0.0.237,44479,21,UDP,3789,ALLOW
2026-01-16T02:06:09.266331,192.168.1.103,10.0.0.66,57836,443,TCP,4779,ALLOW
2026-01-16T02:06:19.266331,192.168.1.28,10.0.0.85,19826,3389,UDP,9859,ALLOW
2026-01-16T02:06:29.266331,192.168.1.250,10.0.0.222,48070,3389,ICMP,3884,DENY
2026-01-16T02:06:39.266331,192.168.1.230,10.0.0.154,15550,443,ICMP,4294,ALLOW
2026-01-16T02:06:49.266331,192.168.1.30,10.0.0.202,62836,3389,ICMP,3547,ALLOW
2026-01-16T02:06:59.266331,192.168.1.246,10.0.0.232,18489,443,UDP,7770,DENY
2026-01-16T02:07:09.266331,192.168.1.166,10.0.0.248,65432,21,UDP,8212,ALLOW
2026-01-16T02:07:19.266331,192.168.1.84,10.0.0.165,8922,22,UDP,7762,ALLOW
2026-01-16T02:07:29.266331,192.168.1.65,10.0.0.242,18269,21,UDP,2995,ALLOW
2026-01-16T02:07:39.266331,192.168.1.252,10.0.0.110,20003,21,TCP,8937,ALLOW
2026-01-16T02:07:49.266331,192.168.1.182,10.0.0.92,26167,443,TCP,2927,ALLOW
2026-01-16T02:07:59.266331,192.168.1.133,10.0.0.22,32050,443,ICMP,8723,DENY
2026-01-16T02:08:09.266331,192.168.1.180,10.0.0.112,43239,443,TCP,976,DENY
2026-01-16T02:08:19.266331,192.168.1.172,10.0.0.253,35731,22,TCP,5028,ALLOW
2026-01-16T02:08:29.266331,192.168.1.165,10.0.0.53,15317,443,ICMP,8724,ALLOW
2026-01-16T02:08:39.266331,192.168.1.16,10.0.0.71,7953,443,ICMP,2620,ALLOW
2026-01-16T02:08:49.266331,192.168.1.58,10.0.0.14,31312,22,UDP,3506,DENY
2026-01-16T02:08:59.266331,192.168.1.179,10.0.0.236,4109,21,ICMP,8524,DENY
2026-01-16T02:09:09.266331,192.168.1.186,10.0.0.164,57818,21,TCP,8455,DENY
2026-01-16T02:09:19.266331,192.168.1.144,10.0.0.27,36100,22,TCP,5392,DENY
2026-01-16T02:09:29.266331,192.168.1.208,10.0.0.235,20869,21,TCP,9614,ALLOW
2026-01-16T02:09:39.266331,192.168.1.174,10.0.0.209,1706,443,TCP,8613,ALLOW
2026-01-16T02:09:49.266331,192.168.1.117,10.0.0.185,26743,22,ICMP,6292,ALLOW
2026-01-16T02:09:59.266331,192.168.1.116,10.0.0.93,60193,21,ICMP,1072,ALLOW
2026-01-16T02:10:09.266331,192.168.1.29,10.0.0.201,49497,443,UDP,1689,DENY
2026-01-16T02:10:19.266331,192.168.1.21,10.0.0.237,31082,21,TCP,3742,ALLOW
2026-01-16T02:10:29.266331,192.168.1.134,10.0.0.118,22814,21,TCP,9984,ALLOW
2026-01-16T02:10:39.266331,192.168.1.148,10.0.0.218,60593,80,UDP,9554,ALLOW
2026-01-16T02:10:49.266331,192.168.1.144,10.0.0.4,40224,21,TCP,7550,ALLOW
2026-01-16T02:10:59.266331,192.168.1.1,10.0.0.124,7047,80,UDP,3719,ALLOW
2026-01-16T02:11:09.266331,192.168.1.41,10.0.0.231,23581,21,ICMP,5720,DENY
2026-01-16T02:11:19.266331,192.168.1.145,10.0.0.153,49824,443,TCP,3861,ALLOW
2026-01-16T02:11:29.266331,192.168.1.241,10.0.0.105,48827,443,UDP,1084,DENY
2026-01-16T02:11:39.266331,192.168.1.218,10.0.0.236,55254,443,ICMP,1210,DENY
2026-01-16T02:11:49.266331,192.168.1.198,10.0.0.24,37574,22,UDP,6461,ALLOW
2026-01-16T02:11:59.266331,192.168.1.177,10.0.0.151,18363,443,TCP,6749,ALLOW
2026-01-16T02:12:09.266331,192.168.1.192,10.0.0.116,52086,22,TCP,6707,ALLOW
2026-01-16T02:12:19.266331,192.168.1.148,10.0.0.115,19633,21,TCP,6767,DENY
2026-01-16T02:12:29.266331,192.168.1.228,10.0.0.125,58776,3389,ICMP,4586,ALLOW
2026-01-16T02:12:39.266331,192.168.1.51,10.0.0.68,47611,80,ICMP,2003,ALLOW
2026-01-16T02:12:49.266331,192.168.1.2,10.0.0.24,9574,80,ICMP,9383,DENY
2026-01-16T02:12:59.266331,192.168.1.75,10.0.0.109,18375,21,ICMP,9529,ALLOW
2026-01-16T02:13:09.266331,192.168.1.200,10.0.0.164,10188,21,ICMP,3654,ALLOW
2026-01-16T02:13:19.266331,192.168.1.175,10.0.0.109,19767,443,ICMP,1708,ALLOW
2026-01-16T02:13:29.266331,192.168.1.15,10.0.0.174,56421,80,UDP,7186,DENY
2026-01-16T02:13:39.266331,192.168.1.136,10.0.0.63,39876,21,UDP,7372,DENY
2026-01-16T02:13:49.266331,192.168.1.146,10.0.0.12,9923,21,UDP,4174,DENY
2026-01-16T02:13:59.266331,192.168.1.69,10.0.0.128,48357,22,UDP,247,ALLOW
2026-01-16T02:14:09.266331,192.168.1.15,10.0.0.91,14902,3389,TCP,5033,DENY
2026-01-16T02:14:19.266331,192.168.1.248,10.0.0.207,62936,443,TCP,4903,ALLOW
2026-01-16T02:14:29.266331,192.168.1.166,10.0.0.13,3826,443,ICMP,5447,ALLOW
2026-01-16T02:14:39.266331,192.168.1.232,10.0.0.232,63665,21,ICMP,2934,ALLOW
2026-01-16T02:14:49.266331,192.168.1.110,10.0.0.157,48936,22,TCP,2359,ALLOW
2026-01-16T02:14:59.266331,192.168.1.13,10.0.0.134,28683,21,UDP,642,ALLOW
2026-01-16T02:15:09.266331,192.168.1.184,10.0.0.6,9797,21,ICMP,9785,ALLOW
2026-01-16T02:15:19.266331,192.168.1.40,10.0.0.104,14931,443,UDP,4070,ALLOW
2026-01-16T02:15:29.266331,192.168.1.61,10.0.0.241,9648,3389,ICMP,3463,ALLOW
2026-01-16T02:15:39.266331,192.168.1.233,10.0.0.35,1362,22,UDP,2681,DENY
2026-01-16T02:15:49.266331,192.168.1.78,10.0.0.42,53803,22,ICMP,9011,DENY
2026-01-16T02:15:59.266331,192.168.1.103,10.0.0.236,10557,80,UDP,9813,ALLOW
2026-01-16T02:16:09.266331,192.168.1.227,10.0.0.179,22783,443,UDP,5887,ALLOW
2026-01-16T02:16:19.266331,192.168.1.159,10.0.0.116,64628,22,TCP,3909,ALLOW
2026-01-16T02:16:29.266331,192.168.1.147,10.0.0.158,37456,22,TCP,2909,DENY
2026-01-16T02:16:39.266331,192.168.1.67,10.0.0.41,26611,21,UDP,9344,ALLOW
2026-01-16T02:16:49.266331,192.168.1.143,10.0.0.216,63206,22,UDP,271,ALLOW
2026-01-16T02:16:59.266331,192.168.1.13,10.0.0.164,34273,443,ICMP,2408,ALLOW
2026-01-16T02:17:09.266331,192.168.1.227,10.0.0.8,21127,443,ICMP,5086,ALLOW
2026-01-16T02:17:19.266331,192.168.1.53,10.0.0.200,21387,443,UDP,4088,ALLOW
2026-01-16T02:17:29.266331,192.168.1.173,10.0.0.53,58903,80,UDP,4398,ALLOW
2026-01-16T02:17:39.266331,192.168.1.36,10.0.0.100,28413,3389,ICMP,9368,ALLOW
2026-01-16T02:17:49.266331,192.168.1.109,10.0.0.69,7889,3389,UDP,1507,ALLOW
2026-01-16T02:17:59.266331,192.168.1.61,10.0.0.88,63130,443,UDP,8066,DENY
2026-01-16T02:18:09.266331,192.168.1.179,10.0.0.138,14916,80,ICMP,2874,ALLOW
2026-01-16T02:18:19.266331,192.168.1.137,10.0.0.160,31904,22,UDP,7545,DENY
2026-01-16T02:18:29.266331,192.168.1.165,10.0.0.198,65048,21,ICMP,3539,ALLOW
2026-01-16T02:18:39.266331,192.168.1.77,10.0.0.171,22059,443,ICMP,276,ALLOW
2026-01-16T02:18:49.266331,192.168.1.45,10.0.0.219,6999,21,ICMP,4494,DENY
2026-01-16T02:18:59.266331,192.168.1.97,10.0.0.177,51127,22,TCP,3490,ALLOW
2026-01-16T02:19:09.266331,192.168.1.207,10.0.0.135,48678,3389,UDP,3516,ALLOW
2026-01-16T02:19:19.266331,192.168.1.57,10.0.0.61,53635,21,TCP,8021,ALLOW
2026-01-16T02:19:29.266331,192.168.1.42,10.0.0.131,56577,80,TCP,5546,DENY
2026-01-16T02:19:39.266331,192.168.1.94,10.0.0.101,20152,443,ICMP,6847,DENY
2026-01-16T02:19:49.266331,192.168.1.77,10.0.0.59,28209,22,TCP,6622,ALLOW
2026-01-16T02:19:59.266331,192.168.1.136,10.0.0.37,56594,21,TCP,4527,DENY
2026-01-16T02:20:09.266331,192.168.1.203,10.0.0.208,32065,21,ICMP,1016,ALLOW
2026-01-16T02:20:19.266331,192.168.1.31,10.0.0.88,21531,21,ICMP,3339,ALLOW
2026-01-16T02:20:29.266331,192.168.1.147,10.0.0.62,8774,80,UDP,8047,ALLOW
2026-01-16T02:20:39.266331,192.168.1.48,10.0.0.15,19325,22,ICMP,8424,ALLOW
2026-01-16T02:20:49.266331,192.168.1.198,10.0.0.237,29709,3389,UDP,1945,ALLOW
2026-01-16T02:20:59.266331,192.168.1.121,10.0.0.76,57661,80,UDP,6289,ALLOW
2026-01-16T02:21:09.266331,192.168.1.34,10.0.0.90,37045,22,TCP,372,DENY
2026-01-16T02:21:19.266331,192.168.1.84,10.0.0.208,10914,22,UDP,8992,ALLOW
2026-01-16T02:21:29.266331,192.168.1.219,10.0.0.204,24706,22,UDP,9763,ALLOW
2026-01-16T02:21:39.266331,192.168.1.70,10.0.0.209,25786,22,TCP,127,ALLOW
2026-01-16T02:21:49.266331,192.168.1.125,10.0.0.17,19263,22,TCP,5860,ALLOW
2026-01-16T02:21:59.266331,192.168.1.33,10.0.0.76,10746,3389,ICMP,6263,ALLOW
2026-01-16T02:22:09.266331,192.168.1.74,10.0.0.145,42119,3389,ICMP,5484,ALLOW
2026-01-16T02:22:19.266331,192.168.1.161,10.0.0.44,46077,443,TCP,7053,DENY
2026-01-16T02:22:29.266331,192.168.1.207,10.0.0.133,16156,3389,ICMP,8225,ALLOW
2026-01-16T02:22:39.266331,192.168.1.186,10.0.0.132,28238,22,TCP,9808,ALLOW
2026-01-16T02:22:49.266331,192.168.1.213,10.0.0.88,43867,22,TCP,6053,ALLOW
2026-01-16T02:22:59.266331,192.168.1.102,10.0.0.228,49339,80,TCP,4830,DENY
2026-01-16T02:23:09.266331,192.168.1.139,10.0.0.235,57891,22,UDP,9611,ALLOW
2026-01-16T02:23:19.266331,192.168.1.136,10.0.0.140,14653,80,TCP,3060,DENY
2026-01-16T02:23:29.266331,192.168.1.235,10.0.0.106,33026,443,TCP,9632,ALLOW
2026-01-16T02:23:39.266331,192.168.1.173,10.0.0.226,20216,21,TCP,3745,ALLOW
2026-01-16T02:23:49.266331,192.168.1.96,10.0.0.204,42211,22,UDP,9983,ALLOW
2026-01-16T02:23:59.266331,192.168.1.33,10.0.0.196,12178,443,TCP,2933,DENY
2026-01-16T02:24:09.266331,192.168.1.187,10.0.0.206,63638,21,ICMP,9426,DENY
2026-01-16T02:24:19.266331,192.168.1.170,10.0.0.183,4113,443,TCP,8204,DENY
2026-01-16T02:24:29.266331,192.168.1.226,10.0.0.177,35378,3389,TCP,2914,ALLOW
2026-01-16T02:24:39.266331,192.168.1.189,10.0.0.191,20553,22,TCP,2295,DENY
2026-01-16T02:24:49.266331,192.168.1.103,10.0.0.66,61581,80,ICMP,7672,ALLOW
2026-01-16T02:24:59.266331,192.168.1.189,10.0.0.242,63655,21,ICMP,7023,ALLOW
2026-01-16T02:25:09.266331,192.168.1.101,10.0.0.247,37752,22,ICMP,972,DENY
2026-01-16T02:25:19.266331,192.168.1.143,10.0.0.119,53429,3389,TCP,8194,DENY
2026-01-16T02:25:29.266331,192.168.1.93,10.0.0.248,58453,21,ICMP,911,ALLOW
2026-01-16T02:25:39.266331,192.168.1.33,10.0.0.206,54909,22,UDP,4921,ALLOW
2026-01-16T02:25:49.266331,192.168.1.125,10.0.0.123,23070,22,ICMP,3206,ALLOW
2026-01-16T02:25:59.266331,192.168.1.65,10.0.0.47,20964,443,TCP,4346,DENY
2026-01-16T02:26:09.266331,192.168.1.79,10.0.0.249,27934,3389,ICMP,6409,ALLOW
2026-01-16T02:26:19.266331,192.168.1.68,10.0.0.181,65265,22,TCP,681,ALLOW
2026-01-16T02:26:29.266331,192.168.1.56,10.0.0.137,42774,80,ICMP,5391,ALLOW
2026-01-16T02:26:39.266331,192.168.1.127,10.0.0.36,28867,22,ICMP,5993,ALLOW
2026-01-16T02:26:49.266331,192.168.1.71,10.0.0.188,2261,22,TCP,6001,ALLOW
2026-01-16T02:26:59.266331,192.168.1.253,10.0.0.197,51633,3389,ICMP,6367,ALLOW
2026-01-16T02:27:09.266331,192.168.1.104,10.0.0.145,54236,21,UDP,3167,DENY
2026-01-16T02:27:19.266331,192.168.1.217,10.0.0.226,58875,22,ICMP,5944,ALLOW
2026-01-16T02:27:29.266331,192.168.1.20,10.0.0.171,13210,21,TCP,4350,ALLOW
2026-01-16T02:27:39.266331,192.168.1.223,10.0.0.82,6291,21,ICMP,2615,ALLOW
2026-01-16T02:27:49.266331,192.168.1.82,10.0.0.220,63358,80,UDP,2248,DENY
2026-01-16T02:27:59.266331,192.168.1.8,10.0.0.123,57683,443,ICMP,6601,ALLOW
2026-01-16T02:28:09.266331,192.168.1.99,10.0.0.212,32481,21,ICMP,2960,ALLOW
2026-01-16T02:28:19.266331,192.168.1.57,10.0.0.117,52746,21,UDP,6688,DENY
2026-01-16T02:28:29.266331,192.168.1.240,10.0.0.157,6652,443,UDP,7175,ALLOW
2026-01-16T02:28:39.266331,192.168.1.145,10.0.0.11,26677,22,ICMP,3262,DENY
2026-01-16T02:28:49.266331,192.168.1.25,10.0.0.201,38832,3389,TCP,2829,ALLOW
2026-01-16T02:28:59.266331,192.168.1.165,10.0.0.81,25774,3389,ICMP,5817,ALLOW
2026-01-16T02:29:09.266331,192.168.1.18,10.0.0.228,63675,22,ICMP,8554,ALLOW
2026-01-16T02:29:19.266331,192.168.1.231,10.0.0.12,11794,22,ICMP,2568,DENY
2026-01-16T02:29:29.266331,192.168.1.47,10.0.0.178,31141,22,UDP,9544,ALLOW
2026-01-16T02:29:39.266331,192.168.1.198,10.0.0.112,54789,80,UDP,2544,DENY
2026-01-16T02:29:49.266331,192.168.1.153,10.0.0.243,54390,80,TCP,934,ALLOW
2026-01-16T02:29:59.266331,192.168.1.202,10.0.0.225,64268,21,TCP,1479,ALLOW
2026-01-16T02:30:09.266331,192.168.1.205,10.0.0.80,43865,443,UDP,2858,DENY
2026-01-16T02:30:19.266331,192.168.1.200,10.0.0.208,32331,22,ICMP,4524,ALLOW
2026-01-16T02:30:29.266331,192.168.1.90,10.0.0.81,30168,80,ICMP,8197,ALLOW
2026-01-16T02:30:39.266331,192.168.1.170,10.0.0.191,40985,21,UDP,932,ALLOW
2026-01-16T02:30:49.266331,192.168.1.214,10.0.0.158,33457,22,ICMP,2761,ALLOW
2026-01-16T02:30:59.266331,192.168.1.26,10.0.0.62,57663,22,UDP,6373,ALLOW
2026-01-16T02:31:09.266331,192.168.1.73,10.0.0.188,47555,3389,UDP,7763,DENY
2026-01-16T02:31:19.266331,192.168.1.103,10.0.0.10,46333,22,UDP,1378,ALLOW
2026-01-16T02:31:29.266331,192.168.1.139,10.0.0.221,30465,3389,UDP,8216,DENY
2026-01-16T02:31:39.266331,192.168.1.53,10.0.0.86,61466,3389,ICMP,5546,DENY
2026-01-16T02:31:49.266331,192.168.1.54,10.0.0.82,8896,3389,TCP,2113,ALLOW
2026-01-16T02:31:59.266331,192.168.1.151,10.0.0.244,47199,21,TCP,1647,ALLOW
2026-01-16T02:32:09.266331,192.168.1.85,10.0.0.1,54935,3389,TCP,3717,ALLOW
2026-01-16T02:32:19.266331,192.168.1.73,10.0.0.77,41346,80,TCP,207,ALLOW
2026-01-16T02:32:29.266331,192.168.1.63,10.0.0.186,9333,443,UDP,718,ALLOW
2026-01-16T02:32:39.266331,192.168.1.86,10.0.0.36,13303,80,UDP,3843,ALLOW
2026-01-16T02:32:49.266331,192.168.1.165,10.0.0.247,64640,80,ICMP,5665,ALLOW
2026-01-16T02:32:59.266331,192.168.1.243,10.0.0.213,37210,21,ICMP,4405,ALLOW
2026-01-16T02:33:09.266331,192.168.1.158,10.0.0.205,46194,22,TCP,3613,DENY
2026-01-16T02:33:19.266331,192.168.1.57,10.0.0.227,46615,80,TCP,5297,ALLOW
2026-01-16T02:33:29.266331,192.168.1.203,10.0.0.159,20227,3389,TCP,7922,ALLOW
2026-01-16T02:33:39.266331,192.168.1.42,10.0.0.218,17725,22,UDP,4647,ALLOW
2026-01-16T02:33:49.266331,192.168.1.90,10.0.0.150,41779,80,ICMP,1239,DENY
2026-01-16T02:33:59.266331,192.168.1.247,10.0.0.32,52909,80,ICMP,4266,ALLOW
2026-01-16T02:34:09.266331,192.168.1.129,10.0.0.149,59001,21,ICMP,7865,DENY
2026-01-16T02:34:19.266331,192.168.1.212,10.0.0.37,47101,3389,ICMP,7950,ALLOW
2026-01-16T02:34:29.266331,192.168.1.199,10.0.0.104,57986,443,ICMP,2588,ALLOW
2026-01-16T02:34:39.266331,192.168.1.196,10.0.0.161,50043,3389,TCP,4920,DENY
2026-01-16T02:34:49.266331,192.168.1.225,10.0.0.67,37790,3389,TCP,9484,ALLOW
2026-01-16T02:34:59.266331,192.168.1.114,10.0.0.42,37943,80,ICMP,8669,ALLOW
2026-01-16T02:35:09.266331,192.168.1.175,10.0.0.185,15176,22,ICMP,3829,ALLOW
2026-01-16T02:35:19.266331,192.168.1.50,10.0.0.229,61609,443,UDP,3421,ALLOW
2026-01-16T02:35:29.266331,192.168.1.202,10.0.0.65,20093,3389,UDP,8920,DENY
2026-01-16T02:35:39.266331,192.168.1.181,10.0.0.105,21630,22,UDP,2138,ALLOW
2026-01-16T02:35:49.266331,192.168.1.208,10.0.0.18,49026,80,TCP,4107,ALLOW
2026-01-16T02:35:59.266331,192.168.1.71,10.0.0.40,62540,21,TCP,8609,ALLOW
2026-01-16T02:36:09.266331,192.168.1.231,10.0.0.79,11542,443,TCP,4355,ALLOW
2026-01-16T02:36:19.266331,192.168.1.46,10.0.0.126,18519,22,TCP,1687,DENY
2026-01-16T02:36:29.266331,192.168.1.170,10.0.0.85,23381,80,TCP,6180,DENY
2026-01-16T02:36:39.266331,192.168.1.235,10.0.0.252,33889,22,UDP,3447,DENY
2026-01-16T02:36:49.266331,192.168.1.197,10.0.0.8,30861,443,UDP,9471,ALLOW
2026-01-16T02:36:59.266331,192.168.1.237,10.0.0.112,55965,443,TCP,8528,ALLOW
2026-01-16T02:37:09.266331,192.168.1.175,10.0.0.52,21846,80,TCP,5459,DENY
2026-01-16T02:37:19.266331,192.168.1.72,10.0.0.79,8470,3389,ICMP,1086,ALLOW
2026-01-16T02:37:29.266331,192.168.1.66,10.0.0.8,10762,22,ICMP,186,DENY
2026-01-16T02:37:39.266331,192.168.1.223,10.0.0.212,21118,443,ICMP,6561,ALLOW
2026-01-16T02:37:49.266331,192.168.1.75,10.0.0.244,28775,443,ICMP,1726,ALLOW
2026-01-16T02:37:59.266331,192.168.1.251,10.0.0.220,51640,22,UDP,5219,ALLOW
2026-01-16T02:38:09.266331,192.168.1.15,10.0.0.238,36404,22,ICMP,7538,ALLOW
2026-01-16T02:38:19.266331,192.168.1.237,10.0.0.47,23819,22,TCP,6322,ALLOW
2026-01-16T02:38:29.266331,192.168.1.249,10.0.0.82,54711,80,UDP,384,DENY
2026-01-16T02:38:39.266331,192.168.1.13,10.0.0.118,8214,21,UDP,7066,ALLOW
2026-01-16T02:38:49.266331,192.168.1.89,10.0.0.121,31510,80,TCP,5045,ALLOW
2026-01-16T02:38:59.266331,192.168.1.27,10.0.0.39,1979,21,UDP,9655,DENY
2026-01-16T02:39:09.266331,192.168.1.7,10.0.0.44,20921,443,TCP,7244,DENY
2026-01-16T02:39:19.266331,192.168.1.28,10.0.0.38,14498,21,ICMP,1738,ALLOW
2026-01-16T02:39:29.266331,192.168.1.189,10.0.0.121,24232,22,UDP,3023,ALLOW
2026-01-16T02:39:39.266331,192.168.1.125,10.0.0.81,9960,80,ICMP,5764,ALLOW
2026-01-16T02:39:49.266331,192.168.1.229,10.0.0.143,12286,3389,UDP,8945,ALLOW
2026-01-16T02:39:59.266331,192.168.1.181,10.0.0.61,52934,443,TCP,5966,ALLOW
2026-01-16T02:40:09.266331,192.168.1.155,10.0.0.106,25309,21,TCP,4615,DENY
2026-01-16T02:40:19.266331,192.168.1.165,10.0.0.28,25914,80,ICMP,386,ALLOW
2026-01-16T02:40:29.266331,192.168.1.219,10.0.0.165,37161,80,ICMP,1458,DENY
2026-01-16T02:40:39.266331,192.168.1.95,10.0.0.24,23704,3389,ICMP,4909,ALLOW
2026-01-16T02:40:49.266331,192.168.1.164,10.0.0.238,43425,21,TCP,4154,ALLOW
2026-01-16T02:40:59.266331,192.168.1.91,10.0.0.231,13482,22,ICMP,2343,ALLOW
2026-01-16T02:41:09.266331,192.168.1.217,10.0.0.210,31990,443,UDP,2959,ALLOW
2026-01-16T02:41:19.266331,192.168.1.72,10.0.0.145,11310,3389,UDP,6303,ALLOW
2026-01-16T02:41:29.266331,192.168.1.253,10.0.0.84,27491,21,TCP,6296,ALLOW
2026-01-16T02:41:39.266331,192.168.1.83,10.0.0.140,51939,443,UDP,5105,ALLOW
2026-01-16T02:41:49.266331,192.168.1.224,10.0.0.196,58095,3389,UDP,3944,ALLOW
2026-01-16T02:41:59.266331,192.168.1.121,10.0.0.116,64482,21,ICMP,9438,DENY
2026-01-16T02:42:09.266331,192.168.1.179,10.0.0.122,3435,443,ICMP,1386,ALLOW
2026-01-16T02:42:19.266331,192.168.1.225,10.0.0.32,44190,22,TCP,9994,ALLOW
2026-01-16T02:42:29.266331,192.168.1.205,10.0.0.143,45064,22,ICMP,4697,DENY
2026-01-16T02:42:39.266331,192.168.1.226,10.0.0.68,1794,3389,ICMP,8365,DENY
2026-01-16T02:42:49.266331,192.168.1.82,10.0.0.250,32881,80,UDP,590,DENY
2026-01-16T02:42:59.266331,192.168.1.39,10.0.0.45,19919,443,ICMP,2599,DENY
2026-01-16T02:43:09.266331,192.168.1.252,10.0.0.109,19683,3389,ICMP,4140,ALLOW
2026-01-16T02:43:19.266331,192.168.1.112,10.0.0.46,13838,80,ICMP,5993,ALLOW
2026-01-16T02:43:29.266331,192.168.1.120,10.0.0.187,44030,22,UDP,7213,ALLOW
2026-01-16T02:43:39.266331,192.168.1.157,10.0.0.65,34625,3389,UDP,8002,DENY
2026-01-16T02:43:49.266331,192.168.1.196,10.0.0.219,51004,80,UDP,2589,ALLOW
2026-01-16T02:43:59.266331,192.168.1.25,10.0.0.91,57403,21,UDP,4026,ALLOW
2026-01-16T02:44:09.266331,192.168.1.174,10.0.0.203,46045,22,ICMP,5978,ALLOW
2026-01-16T02:44:19.266331,192.168.1.130,10.0.0.163,45151,21,UDP,1414,ALLOW
2026-01-16T02:44:29.266331,192.168.1.78,10.0.0.31,54076,443,UDP,5684,ALLOW
2026-01-16T02:44:39.266331,192.168.1.97,10.0.0.21,56279,21,TCP,993,ALLOW
2026-01-16T02:44:49.266331,192.168.1.40,10.0.0.228,63651,22,TCP,3074,DENY
2026-01-16T02:44:59.266331,192.168.1.33,10.0.0.19,64955,80,TCP,2271,ALLOW
2026-01-16T02:45:09.266331,192.168.1.247,10.0.0.125,47184,21,ICMP,8158,DENY
2026-01-16T02:45:19.266331,192.168.1.127,10.0.0.35,14273,22,ICMP,8201,ALLOW
2026-01-16T02:45:29.266331,192.168.1.116,10.0.0.114,22396,443,UDP,2303,ALLOW
2026-01-16T02:45:39.266331,192.168.1.148,10.0.0.163,21470,80,TCP,4868,DENY
2026-01-16T02:45:49.266331,192.168.1.120,10.0.0.240,22915,443,UDP,5737,ALLOW
2026-01-16T02:45:59.266331,192.168.1.156,10.0.0.210,58677,443,ICMP,8265,ALLOW
2026-01-16T02:46:09.266331,192.168.1.65,10.0.0.100,15246,3389,UDP,656,ALLOW
2026-01-16T02:46:19.266331,192.168.1.64,10.0.0.128,6940,22,UDP,1497,ALLOW
2026-01-16T02:46:29.266331,192.168.1.198,10.0.0.46,45900,22,TCP,1832,DENY
2026-01-16T02:46:39.266331,192.168.1.40,10.0.0.130,45649,443,ICMP,3667,ALLOW
2026-01-16T02:46:49.266331,192.168.1.129,10.0.0.103,47406,22,UDP,193,ALLOW
2026-01-16T02:46:59.266331,192.168.1.18,10.0.0.3,11151,3389,UDP,1324,ALLOW
2026-01-16T02:47:09.266331,192.168.1.59,10.0.0.190,21872,80,TCP,5109,ALLOW
2026-01-16T02:47:19.266331,192.168.1.85,10.0.0.250,25266,22,UDP,9880,DENY
2026-01-16T02:47:29.266331,192.168.1.109,10.0.0.190,32881,21,TCP,6978,ALLOW
2026-01-16T02:47:39.266331,192.168.1.209,10.0.0.72,22688,22,ICMP,2112,DENY
2026-01-16T02:47:49.266331,192.168.1.108,10.0.0.238,22315,22,TCP,8218,ALLOW
2026-01-16T02:47:59.266331,192.168.1.40,10.0.0.65,32188,21,TCP,909,ALLOW
2026-01-16T02:48:09.266331,192.168.1.3,10.0.0.54,34858,443,TCP,4893,ALLOW
2026-01-16T02:48:19.266331,192.168.1.241,10.0.0.243,24256,22,UDP,2119,ALLOW
2026-01-16T02:48:29.266331,192.168.1.212,10.0.0.136,57703,443,TCP,6105,ALLOW
2026-01-16T02:48:39.266331,192.168.1.223,10.0.0.246,55350,443,ICMP,4408,ALLOW
2026-01-16T02:48:49.266331,192.168.1.223,10.0.0.219,65043,3389,UDP,6644,DENY
2026-01-16T02:48:59.266331,192.168.1.240,10.0.0.242,29714,3389,ICMP,5783,ALLOW
2026-01-16T02:49:09.266331,192.168.1.118,10.0.0.227,32585,80,UDP,8928,ALLOW
2026-01-16T02:49:19.266331,192.168.1.160,10.0.0.171,3666,3389,ICMP,6960,ALLOW
2026-01-16T02:49:29.266331,192.168.1.39,10.0.0.142,37501,21,TCP,5564,ALLOW
2026-01-16T02:49:39.266331,192.168.1.121,10.0.0.205,39090,80,ICMP,8923,ALLOW
2026-01-16T02:49:49.266331,192.168.1.56,10.0.0.211,49400,21,UDP,3442,DENY
2026-01-16T02:49:59.266331,192.168.1.68,10.0.0.202,26403,22,TCP,9014,DENY
2026-01-16T02:50:09.266331,192.168.1.128,10.0.0.107,52044,3389,UDP,5395,ALLOW
2026-01-16T02:50:19.266331,192.168.1.114,10.0.0.229,42797,21,ICMP,5500,ALLOW
2026-01-16T02:50:29.266331,192.168.1.116,10.0.0.146,8966,21,UDP,4675,ALLOW
2026-01-16T02:50:39.266331,192.168.1.33,10.0.0.207,31319,80,UDP,174,ALLOW
2026-01-16T02:50:49.266331,192.168.1.248,10.0.0.137,1765,21,UDP,6980,ALLOW
2026-01-16T02:50:59.266331,192.168.1.24,10.0.0.208,62662,22,TCP,9101,ALLOW
2026-01-16T02:51:09.266331,192.168.1.68,10.0.0.85,53183,443,TCP,8644,ALLOW
2026-01-16T02:51:19.266331,192.168.1.126,10.0.0.22,30315,21,UDP,968,ALLOW
2026-01-16T02:51:29.266331,192.168.1.77,10.0.0.184,1820,80,TCP,5546,DENY
2026-01-16T02:51:39.266331,192.168.1.160,10.0.0.230,12976,3389,ICMP,9320,DENY
2026-01-16T02:51:49.266331,192.168.1.250,10.0.0.239,22032,3389,TCP,5809,ALLOW
2026-01-16T02:51:59.266331,192.168.1.201,10.0.0.44,28388,21,ICMP,7026,DENY
2026-01-16T02:52:09.266331,192.168.1.56,10.0.0.27,31402,22,TCP,6887,DENY
2026-01-16T02:52:19.266331,192.168.1.91,10.0.0.233,23243,21,UDP,7066,ALLOW
2026-01-16T02:52:29.266331,192.168.1.174,10.0.0.77,9718,21,ICMP,526,ALLOW
2026-01-16T02:52:39.266331,192.168.1.139,10.0.0.226,2267,22,ICMP,7994,ALLOW
2026-01-16T02:52:49.266331,192.168.1.87,10.0.0.6,47514,21,UDP,4839,ALLOW
2026-01-16T02:52:59.266331,192.168.1.45,10.0.0.160,2548,3389,ICMP,5100,ALLOW
2026-01-16T02:53:09.266331,192.168.1.104,10.0.0.172,7260,21,TCP,235,ALLOW
2026-01-16T02:53:19.266331,192.168.1.209,10.0.0.40,64327,80,UDP,5583,DENY
2026-01-16T02:53:29.266331,192.168.1.18,10.0.0.83,35611,21,ICMP,4667,ALLOW
2026-01-16T02:53:39.266331,192.168.1.52,10.0.0.128,8840,80,ICMP,4213,ALLOW
2026-01-16T02:53:49.266331,192.168.1.7,10.0.0.216,59379,443,ICMP,4706,ALLOW
2026-01-16T02:53:59.266331,192.168.1.122,10.0.0.112,12421,443,TCP,9303,ALLOW
2026-01-16T02:54:09.266331,192.168.1.149,10.0.0.7,21506,21,UDP,9829,ALLOW
2026-01-16T02:54:19.266331,192.168.1.71,10.0.0.43,57191,80,UDP,2778,ALLOW
2026-01-16T02:54:29.266331,192.168.1.7,10.0.0.230,13062,22,ICMP,9089,ALLOW
2026-01-16T02:54:39.266331,192.168.1.219,10.0.0.168,55764,22,TCP,5922,ALLOW
2026-01-16T02:54:49.266331,192.168.1.55,10.0.0.102,61508,80,UDP,4971,ALLOW
2026-01-16T02:54:59.266331,192.168.1.106,10.0.0.176,46789,443,ICMP,8079,ALLOW
2026-01-16T02:55:09.266331,192.168.1.230,10.0.0.245,1144,22,ICMP,3495,ALLOW
2026-01-16T02:55:19.266331,192.168.1.123,10.0.0.136,27827,80,UDP,9935,ALLOW
2026-01-16T02:55:29.266331,192.168.1.190,10.0.0.124,34356,3389,UDP,7484,ALLOW
2026-01-16T02:55:39.266331,192.168.1.40,10.0.0.126,54079,22,ICMP,3148,ALLOW
2026-01-16T02:55:49.266331,192.168.1.87,10.0.0.188,12277,80,ICMP,5490,ALLOW
2026-01-16T02:55:59.266331,192.168.1.109,10.0.0.60,29101,21,ICMP,7593,ALLOW
2026-01-16T02:56:09.266331,192.168.1.4,10.0.0.1,29349,80,ICMP,4895,DENY
2026-01-16T02:56:19.266331,192.168.1.209,10.0.0.119,3791,443,ICMP,1343,ALLOW
2026-01-16T02:56:29.266331,192.168.1.81,10.0.0.143,55386,22,TCP,4762,ALLOW
2026-01-16T02:56:39.266331,192.168.1.169,10.0.0.19,53022,21,ICMP,5694,ALLOW
2026-01-16T02:56:49.266331,192.168.1.17,10.0.0.13,1390,22,ICMP,1054,ALLOW
2026-01-16T02:56:59.266331,192.168.1.86,10.0.0.105,29342,443,UDP,811,DENY
2026-01-16T02:57:09.266331,192.168.1.106,10.0.0.213,58260,22,UDP,199,ALLOW
2026-01-16T02:57:19.266331,192.168.1.34,10.0.0.116,40058,22,ICMP,3138,ALLOW
2026-01-16T02:57:29.266331,192.168.1.157,10.0.0.229,42948,3389,ICMP,1021,ALLOW
2026-01-16T02:57:39.266331,192.168.1.76,10.0.0.129,23586,80,TCP,7740,DENY
2026-01-16T02:57:49.266331,192.168.1.113,10.0.0.169,3248,21,ICMP,5085,DENY
2026-01-16T02:57:59.266331,192.168.1.228,10.0.0.139,63950,80,TCP,8980,ALLOW
2026-01-16T02:58:09.266331,192.168.1.136,10.0.0.6,12823,21,ICMP,6203,ALLOW
2026-01-16T02:58:19.266331,192.168.1.193,10.0.0.225,62790,80,UDP,3530,ALLOW
2026-01-16T02:58:29.266331,192.168.1.6,10.0.0.179,26579,443,UDP,1439,DENY
2026-01-16T02:58:39.266331,192.168.1.82,10.0.0.145,45950,80,UDP,3346,ALLOW
2026-01-16T02:58:49.266331,192.168.1.61,10.0.0.17,47901,22,UDP,9166,ALLOW
2026-01-16T02:58:59.266331,192.168.1.72,10.0.0.154,19094,21,TCP,972,DENY
2026-01-16T02:59:09.266331,192.168.1.44,10.0.0.154,62973,21,ICMP,1458,ALLOW
2026-01-16T02:59:19.266331,192.168.1.220,10.0.0.56,5594,443,UDP,1658,ALLOW
2026-01-16T02:59:29.266331,192.168.1.73,10.0.0.3,38721,443,UDP,4117,ALLOW
2026-01-16T02:59:39.266331,192.168.1.71,10.0.0.43,24793,443,TCP,7477,ALLOW
2026-01-16T02:59:49.266331,192.168.1.46,10.0.0.124,42415,22,UDP,1335,ALLOW
2026-01-16T02:59:59.266331,192.168.1.37,10.0.0.191,63148,21,ICMP,9383,ALLOW
2026-01-16T03:00:09.266331,192.168.1.241,10.0.0.122,16337,80,TCP,3612,DENY
2026-01-16T03:00:19.266331,192.168.1.99,10.0.0.73,47770,21,UDP,8572,ALLOW
2026-01-16T03:00:29.266331,192.168.1.6,10.0.0.202,21513,3389,UDP,7523,ALLOW
2026-01-16T03:00:39.266331,192.168.1.54,10.0.0.47,34216,443,UDP,6295,ALLOW
2026-01-16T03:00:49.266331,192.168.1.236,10.0.0.34,29532,3389,ICMP,8884,ALLOW
2026-01-16T03:00:59.266331,192.168.1.242,10.0.0.185,14307,3389,UDP,6791,DENY
2026-01-16T03:01:09.266331,192.168.1.96,10.0.0.140,47062,3389,TCP,8061,ALLOW
2026-01-16T03:01:19.266331,192.168.1.11,10.0.0.207,40234,80,TCP,9467,DENY
2026-01-16T03:01:29.266331,192.168.1.77,10.0.0.59,1626,22,ICMP,4009,ALLOW
2026-01-16T03:01:39.266331,192.168.1.186,10.0.0.189,52288,22,TCP,8005,DENY
2026-01-16T03:01:49.266331,192.168.1.176,10.0.0.151,20309,443,UDP,2213,DENY
2026-01-16T03:01:59.266331,192.168.1.235,10.0.0.37,48997,80,TCP,8735,DENY
2026-01-16T03:02:09.266331,192.168.1.47,10.0.0.9,62871,21,UDP,7047,ALLOW
2026-01-16T03:02:19.266331,192.168.1.180,10.0.0.241,7098,22,TCP,6686,ALLOW
2026-01-16T03:02:29.266331,192.168.1.159,10.0.0.122,12711,3389,ICMP,7346,DENY
2026-01-16T03:02:39.266331,192.168.1.95,10.0.0.198,20211,443,ICMP,9104,DENY
2026-01-16T03:02:49.266331,192.168.1.69,10.0.0.59,25729,443,TCP,9689,DENY
2026-01-16T03:02:59.266331,192.168.1.78,10.0.0.173,16782,22,ICMP,819,ALLOW
2026-01-16T03:03:09.266331,192.168.1.242,10.0.0.219,24426,443,TCP,6764,DENY
2026-01-16T03:03:19.266331,192.168.1.227,10.0.0.160,41806,443,TCP,9982,ALLOW
2026-01-16T03:03:29.266331,192.168.1.230,10.0.0.190,21405,3389,UDP,3529,DENY
2026-01-16T03:03:39.266331,192.168.1.247,10.0.0.242,43989,22,ICMP,5846,ALLOW
2026-01-16T03:03:49.266331,192.168.1.118,10.0.0.79,23810,21,UDP,1472,ALLOW
2026-01-16T03:03:59.266331,192.168.1.1,10.0.0.203,15765,22,TCP,8066,ALLOW
2026-01-16T03:04:09.266331,192.168.1.15,10.0.0.14,5429,22,ICMP,8905,ALLOW
2026-01-16T03:04:19.266331,192.168.1.5,10.0.0.59,11188,22,ICMP,9730,ALLOW
2026-01-16T03:04:29.266331,192.168.1.175,10.0.0.177,21442,21,ICMP,6118,ALLOW
2026-01-16T03:04:39.266331,192.168.1.254,10.0.0.248,26052,443,UDP,1185,ALLOW
2026-01-16T03:04:49.266331,192.168.1.205,10.0.0.132,55696,443,ICMP,4215,ALLOW
2026-01-16T03:04:59.266331,192.168.1.57,10.0.0.206,5776,21,TCP,9957,DENY
2026-01-16T03:05:09.266331,192.168.1.74,10.0.0.152,23278,443,TCP,9751,DENY
2026-01-16T03:05:19.266331,192.168.1.5,10.0.0.241,11191,22,UDP,2000,ALLOW
2026-01-16T03:05:29.266331,192.168.1.207,10.0.0.22,63256,22,TCP,1823,ALLOW
2026-01-16T03:05:39.266331,192.168.1.75,10.0.0.32,25030,443,UDP,6797,ALLOW
2026-01-16T03:05:49.266331,192.168.1.133,10.0.0.187,6633,22,UDP,4127,ALLOW
2026-01-16T03:05:59.266331,192.168.1.100,10.0.0.74,29647,80,ICMP,7576,ALLOW
2026-01-16T03:06:09.266331,192.168.1.125,10.0.0.158,65275,3389,TCP,6296,DENY
2026-01-16T03:06:19.266331,192.168.1.153,10.0.0.196,41192,22,TCP,7241,ALLOW
2026-01-16T03:06:29.266331,192.168.1.234,10.0.0.140,20783,3389,ICMP,4540,ALLOW
2026-01-16T03:06:39.266331,192.168.1.192,10.0.0.142,27184,22,ICMP,5245,ALLOW
2026-01-16T03:06:49.266331,192.168.1.200,10.0.0.180,28785,3389,TCP,8489,ALLOW
2026-01-16T03:06:59.266331,192.168.1.136,10.0.0.112,51566,21,TCP,9964,ALLOW
2026-01-16T03:07:09.266331,192.168.1.85,10.0.0.65,36751,80,UDP,1503,ALLOW
2026-01-16T03:07:19.266331,192.168.1.121,10.0.0.8,33475,3389,ICMP,8364,ALLOW
2026-01-16T03:07:29.266331,192.168.1.85,10.0.0.137,14170,21,ICMP,6054,DENY
2026-01-16T03:07:39.266331,192.168.1.82,10.0.0.233,26950,80,UDP,4691,ALLOW
2026-01-16T03:07:49.266331,192.168.1.26,10.0.0.99,9456,443,UDP,9858,ALLOW
2026-01-16T03:07:59.266331,192.168.1.80,10.0.0.19,22421,443,UDP,9061,ALLOW
2026-01-16T03:08:09.266331,192.168.1.223,10.0.0.13,13290,3389,ICMP,3285,DENY
2026-01-16T03:08:19.266331,192.168.1.6,10.0.0.47,62991,21,ICMP,2700,ALLOW
2026-01-16T03:08:29.266331,192.168.1.249,10.0.0.184,30300,3389,ICMP,9092,ALLOW
2026-01-16T03:08:39.266331,192.168.1.232,10.0.0.220,3551,22,ICMP,7815,ALLOW
2026-01-16T03:08:49.266331,192.168.1.212,10.0.0.205,33174,21,TCP,2142,ALLOW
2026-01-16T03:08:59.266331,192.168.1.76,10.0.0.185,43711,21,TCP,3060,ALLOW
2026-01-16T03:09:09.266331,192.168.1.206,10.0.0.38,41815,22,TCP,8954,ALLOW
2026-01-16T03:09:19.266331,192.168.1.78,10.0.0.223,6911,22,TCP,9014,ALLOW
2026-01-16T03:09:29.266331,192.168.1.81,10.0.0.104,36065,80,TCP,765,ALLOW
2026-01-16T03:09:39.266331,192.168.1.211,10.0.0.128,23179,3389,ICMP,7877,ALLOW
2026-01-16T03:09:49.266331,192.168.1.219,10.0.0.156,14530,3389,ICMP,5489,DENY
2026-01-16T03:09:59.266331,192.168.1.226,10.0.0.2,57257,21,TCP,5543,ALLOW
2026-01-16T03:10:09.266331,192.168.1.165,10.0.0.221,38437,80,UDP,2794,DENY
2026-01-16T03:10:19.266331,192.168.1.179,10.0.0.48,15216,3389,TCP,1304,ALLOW
2026-01-16T03:10:29.266331,192.168.1.198,10.0.0.31,37360,21,TCP,1300,ALLOW
2026-01-16T03:10:39.266331,192.168.1.241,10.0.0.196,39197,3389,ICMP,7317,ALLOW
2026-01-16T03:10:49.266331,192.168.1.128,10.0.0.201,42081,443,TCP,8569,ALLOW
2026-01-16T03:10:59.266331,192.168.1.23,10.0.0.191,38371,22,UDP,9482,ALLOW
2026-01-16T03:11:09.266331,192.168.1.173,10.0.0.108,13162,3389,TCP,217,ALLOW
2026-01-16T03:11:19.266331,192.168.1.64,10.0.0.206,17291,80,TCP,1341,ALLOW
2026-01-16T03:11:29.266331,192.168.1.241,10.0.0.240,8200,443,ICMP,9760,ALLOW
2026-01-16T03:11:39.266331,192.168.1.194,10.0.0.90,16922,3389,UDP,1727,ALLOW
2026-01-16T03:11:49.266331,192.168.1.121,10.0.0.182,61081,443,UDP,8504,DENY
2026-01-16T03:11:59.266331,192.168.1.27,10.0.0.19,26025,443,TCP,625,ALLOW
2026-01-16T03:12:09.266331,192.168.1.87,10.0.0.31,54609,3389,ICMP,7458,DENY
2026-01-16T03:12:19.266331,192.168.1.220,10.0.0.152,11046,21,TCP,6051,ALLOW
2026-01-16T03:12:29.266331,192.168.1.146,10.0.0.116,8512,3389,TCP,1932,ALLOW
2026-01-16T03:12:39.266331,192.168.1.58,10.0.0.152,13301,22,TCP,7020,ALLOW
2026-01-16T03:12:49.266331,192.168.1.223,10.0.0.21,12723,22,UDP,6097,DENY
2026-01-16T03:12:59.266331,192.168.1.197,10.0.0.124,33239,3389,TCP,2305,ALLOW
2026-01-16T03:13:09.266331,192.168.1.105,10.0.0.83,10403,443,ICMP,4844,ALLOW
2026-01-16T03:13:19.266331,192.168.1.166,10.0.0.225,8557,21,UDP,5692,ALLOW
2026-01-16T03:13:29.266331,192.168.1.177,10.0.0.70,62263,21,UDP,4058,DENY
2026-01-16T03:13:39.266331,192.168.1.205,10.0.0.102,41713,443,UDP,5097,ALLOW
2026-01-16T03:13:49.266331,192.168.1.237,10.0.0.68,61885,3389,UDP,9693,DENY
2026-01-16T03:13:59.266331,192.168.1.223,10.0.0.212,65114,22,UDP,3213,ALLOW
2026-01-16T03:14:09.266331,192.168.1.128,10.0.0.19,40978,3389,TCP,2275,ALLOW
2026-01-16T03:14:19.266331,192.168.1.24,10.0.0.20,30869,80,TCP,6574,DENY
2026-01-16T03:14:29.266331,192.168.1.93,10.0.0.179,1310,3389,ICMP,1359,ALLOW
2026-01-16T03:14:39.266331,192.168.1.35,10.0.0.163,34428,22,UDP,1149,DENY
2026-01-16T03:14:49.266331,192.168.1.138,10.0.0.155,14284,3389,TCP,2017,DENY
2026-01-16T03:14:59.266331,192.168.1.50,10.0.0.17,12222,443,TCP,5378,ALLOW
2026-01-16T03:15:09.266331,192.168.1.109,10.0.0.128,43185,3389,ICMP,7447,DENY
2026-01-16T03:15:19.266331,192.168.1.11,10.0.0.177,28216,3389,TCP,2415,DENY
2026-01-16T03:15:29.266331,192.168.1.220,10.0.0.213,33658,21,UDP,622,DENY
2026-01-16T03:15:39.266331,192.168.1.46,10.0.0.123,55527,22,TCP,2760,ALLOW
2026-01-16T03:15:49.266331,192.168.1.143,10.0.0.223,4706,80,TCP,6921,ALLOW
2026-01-16T03:15:59.266331,192.168.1.80,10.0.0.96,10368,443,TCP,1896,DENY
2026-01-16T03:16:09.266331,192.168.1.217,10.0.0.148,32825,21,ICMP,8070,ALLOW
2026-01-16T03:16:19.266331,192.168.1.27,10.0.0.98,53953,443,ICMP,5452,ALLOW
2026-01-16T03:16:29.266331,192.168.1.66,10.0.0.227,48759,21,TCP,4919,DENY
2026-01-16T03:16:39.266331,192.168.1.192,10.0.0.83,23790,22,ICMP,966,DENY
2026-01-16T03:16:49.266331,192.168.1.72,10.0.0.234,12402,22,ICMP,795,DENY
2026-01-16T03:16:59.266331,192.168.1.207,10.0.0.41,11294,22,UDP,2164,ALLOW
2026-01-16T03:17:09.266331,192.168.1.163,10.0.0.53,6600,80,ICMP,3719,ALLOW
2026-01-16T03:17:19.266331,192.168.1.32,10.0.0.73,40078,3389,ICMP,767,ALLOW
2026-01-16T03:17:29.266331,192.168.1.133,10.0.0.203,27821,22,ICMP,9910,ALLOW
2026-01-16T03:17:39.266331,192.168.1.138,10.0.0.221,57731,22,ICMP,6781,ALLOW
2026-01-16T03:17:49.266331,192.168.1.156,10.0.0.240,44811,443,ICMP,4600,DENY
2026-01-16T03:17:59.266331,192.168.1.75,10.0.0.10,44943,22,ICMP,7643,ALLOW
2026-01-16T03:18:09.266331,192.168.1.141,10.0.0.48,17961,443,TCP,5882,ALLOW
2026-01-16T03:18:19.266331,192.168.1.32,10.0.0.208,19226,80,TCP,3239,ALLOW
2026-01-16T03:18:29.266331,192.168.1.86,10.0.0.140,35531,21,ICMP,847,ALLOW
2026-01-16T03:18:39.266331,192.168.1.197,10.0.0.154,18436,443,TCP,6640,ALLOW
2026-01-16T03:18:49.266331,192.168.1.90,10.0.0.158,44368,22,UDP,5612,ALLOW
2026-01-16T03:18:59.266331,192.168.1.104,10.0.0.234,57609,80,TCP,5453,ALLOW
2026-01-16T03:19:09.266331,192.168.1.246,10.0.0.75,54329,21,TCP,7652,ALLOW
2026-01-16T03:19:19.266331,192.168.1.179,10.0.0.135,1213,21,ICMP,9620,ALLOW
2026-01-16T03:19:29.266331,192.168.1.50,10.0.0.157,14832,21,ICMP,4437,ALLOW
2026-01-16T03:19:39.266331,192.168.1.247,10.0.0.248,59353,22,UDP,7269,ALLOW
2026-01-16T03:19:49.266331,192.168.1.55,10.0.0.158,13422,22,UDP,6278,ALLOW
2026-01-16T03:19:59.266331,192.168.1.143,10.0.0.76,39009,21,UDP,2156,ALLOW
2026-01-16T03:20:09.266331,192.168.1.58,10.0.0.97,55678,21,UDP,9289,ALLOW
2026-01-16T03:20:19.266331,192.168.1.157,10.0.0.209,16076,21,TCP,6186,ALLOW
2026-01-16T03:20:29.266331,192.168.1.20,10.0.0.59,47013,22,TCP,4671,ALLOW
2026-01-16T03:20:39.266331,192.168.1.72,10.0.0.104,47300,80,TCP,3394,ALLOW
2026-01-16T03:20:49.266331,192.168.1.193,10.0.0.179,16167,443,ICMP,9072,ALLOW
2026-01-16T03:20:59.266331,192.168.1.53,10.0.0.253,39008,3389,ICMP,3488,DENY
2026-01-16T03:21:09.266331,192.168.1.210,10.0.0.26,19067,443,UDP,2653,ALLOW
2026-01-16T03:21:19.266331,192.168.1.183,10.0.0.139,15865,22,ICMP,8435,ALLOW
2026-01-16T03:21:29.266331,192.168.1.77,10.0.0.118,59094,443,TCP,948,ALLOW
2026-01-16T03:21:39.266331,192.168.1.220,10.0.0.203,32144,3389,TCP,6125,ALLOW
2026-01-16T03:21:49.266331,192.168.1.236,10.0.0.97,37862,80,UDP,153,DENY
2026-01-16T03:21:59.266331,192.168.1.175,10.0.0.160,47742,22,TCP,1981,ALLOW
2026-01-16T03:22:09.266331,192.168.1.38,10.0.0.64,15677,80,TCP,4645,ALLOW
2026-01-16T03:22:19.266331,192.168.1.214,10.0.0.103,9677,21,ICMP,9486,DENY
2026-01-16T03:22:29.266331,192.168.1.69,10.0.0.122,28372,443,TCP,4189,DENY
2026-01-16T03:22:39.266331,192.168.1.76,10.0.0.184,24919,3389,UDP,1972,ALLOW
2026-01-16T03:22:49.266331,192.168.1.166,10.0.0.213,46697,443,ICMP,4855,ALLOW
2026-01-16T03:22:59.266331,192.168.1.43,10.0.0.228,12820,80,UDP,3266,DENY
2026-01-16T03:23:09.266331,192.168.1.128,10.0.0.15,16965,22,UDP,4882,ALLOW
2026-01-16T03:23:19.266331,192.168.1.31,10.0.0.51,20852,21,UDP,5760,DENY
2026-01-16T03:23:29.266331,192.168.1.50,10.0.0.252,39339,80,UDP,7867,ALLOW
2026-01-16T03:23:39.266331,192.168.1.69,10.0.0.10,58035,3389,ICMP,6159,ALLOW
2026-01-16T03:23:49.266331,192.168.1.135,10.0.0.133,25097,443,ICMP,9231,DENY
2026-01-16T03:23:59.266331,192.168.1.176,10.0.0.55,57671,3389,UDP,1120,ALLOW
2026-01-16T03:24:09.266331,192.168.1.15,10.0.0.7,12764,443,ICMP,9317,ALLOW
2026-01-16T03:24:19.266331,192.168.1.187,10.0.0.106,38645,443,ICMP,6101,ALLOW
2026-01-16T03:24:29.266331,192.168.1.41,10.0.0.13,2442,22,ICMP,2587,ALLOW
2026-01-16T03:24:39.266331,192.168.1.162,10.0.0.64,45139,3389,ICMP,7442,ALLOW
2026-01-16T03:24:49.266331,192.168.1.3,10.0.0.40,42608,443,UDP,2261,DENY
2026-01-16T03:24:59.266331,192.168.1.224,10.0.0.55,47924,443,TCP,6510,ALLOW
2026-01-16T03:25:09.266331,192.168.1.114,10.0.0.159,7507,3389,ICMP,9244,ALLOW
2026-01-16T03:25:19.266331,192.168.1.112,10.0.0.24,17719,21,TCP,4842,ALLOW
2026-01-16T03:25:29.266331,192.168.1.39,10.0.0.184,65206,22,ICMP,5063,ALLOW
2026-01-16T03:25:39.266331,192.168.1.105,10.0.0.37,20665,80,ICMP,5264,ALLOW
2026-01-16T03:25:49.266331,192.168.1.158,10.0.0.112,30391,22,UDP,5572,ALLOW
2026-01-16T03:25:59.266331,192.168.1.134,10.0.0.115,11227,22,ICMP,8614,ALLOW
2026-01-16T03:26:09.266331,192.168.1.20,10.0.0.224,10532,3389,TCP,7439,ALLOW
2026-01-16T03:26:19.266331,192.168.1.45,10.0.0.233,4355,21,TCP,1590,ALLOW
2026-01-16T03:26:29.266331,192.168.1.86,10.0.0.241,20747,21,ICMP,536,DENY
2026-01-16T03:26:39.266331,192.168.1.89,10.0.0.238,50831,443,UDP,4629,ALLOW
2026-01-16T03:26:49.266331,192.168.1.142,10.0.0.12,55290,21,TCP,3413,ALLOW
2026-01-16T03:26:59.266331,192.168.1.15,10.0.0.80,57740,21,UDP,6609,ALLOW
2026-01-16T03:27:09.266331,192.168.1.124,10.0.0.41,26299,443,TCP,9300,DENY
2026-01-16T03:27:19.266331,192.168.1.17,10.0.0.144,6656,22,UDP,1372,ALLOW
2026-01-16T03:27:29.266331,192.168.1.106,10.0.0.131,21036,22,ICMP,7911,ALLOW
2026-01-16T03:27:39.266331,192.168.1.43,10.0.0.2,37893,80,TCP,6914,DENY
2026-01-16T03:27:49.266331,192.168.1.228,10.0.0.240,61021,80,ICMP,7041,ALLOW
2026-01-16T03:27:59.266331,192.168.1.92,10.0.0.139,35862,80,ICMP,9817,ALLOW
2026-01-16T03:28:09.266331,192.168.1.20,10.0.0.49,55571,3389,UDP,3620,DENY
2026-01-16T03:28:19.266331,192.168.1.64,10.0.0.168,34734,22,ICMP,8090,ALLOW
2026-01-16T03:28:29.266331,192.168.1.106,10.0.0.111,53036,443,UDP,6233,DENY
2026-01-16T03:28:39.266331,192.168.1.211,10.0.0.246,43714,80,UDP,9846,ALLOW
2026-01-16T03:28:49.266331,192.168.1.250,10.0.0.66,47886,443,ICMP,9444,ALLOW
2026-01-16T03:28:59.266331,192.168.1.118,10.0.0.77,2010,443,ICMP,3061,DENY
2026-01-16T03:29:09.266331,192.168.1.193,10.0.0.9,3510,80,TCP,337,ALLOW
2026-01-16T03:29:19.266331,192.168.1.67,10.0.0.144,19546,22,UDP,5502,ALLOW
2026-01-16T03:29:29.266331,192.168.1.238,10.0.0.215,46878,22,TCP,9312,ALLOW
2026-01-16T03:29:39.266331,192.168.1.46,10.0.0.188,5465,21,ICMP,1485,ALLOW
2026-01-16T03:29:49.266331,192.168.1.121,10.0.0.73,10998,22,TCP,132,ALLOW
2026-01-16T03:29:59.266331,192.168.1.38,10.0.0.17,43258,22,UDP,2815,DENY
2026-01-16T03:30:09.266331,192.168.1.124,10.0.0.195,6691,80,UDP,5924,DENY
2026-01-16T03:30:19.266331,192.168.1.235,10.0.0.237,55176,21,TCP,3523,ALLOW
2026-01-16T03:30:29.266331,192.168.1.138,10.0.0.57,28268,21,ICMP,6989,DENY
2026-01-16T03:30:39.266331,192.168.1.117,10.0.0.172,20995,3389,TCP,922,ALLOW
2026-01-16T03:30:49.266331,192.168.1.34,10.0.0.237,58912,22,TCP,1044,ALLOW
2026-01-16T03:30:59.266331,192.168.1.62,10.0.0.116,46771,22,UDP,6645,ALLOW
2026-01-16T03:31:09.266331,192.168.1.201,10.0.0.15,7422,21,ICMP,2244,DENY
2026-01-16T03:31:19.266331,192.168.1.32,10.0.0.207,63096,443,TCP,605,ALLOW
2026-01-16T03:31:29.266331,192.168.1.185,10.0.0.137,14320,3389,TCP,4168,ALLOW
2026-01-16T03:31:39.266331,192.168.1.202,10.0.0.124,52331,3389,TCP,8952,DENY
2026-01-16T03:31:49.266331,192.168.1.125,10.0.0.93,30073,22,TCP,6124,ALLOW
2026-01-16T03:31:59.266331,192.168.1.203,10.0.0.173,10530,21,ICMP,1668,ALLOW
2026-01-16T03:32:09.266331,192.168.1.163,10.0.0.8,9990,443,UDP,8006,ALLOW
2026-01-16T03:32:19.266331,192.168.1.206,10.0.0.235,8173,443,UDP,7406,ALLOW
2026-01-16T03:32:29.266331,192.168.1.202,10.0.0.138,51266,443,TCP,9519,ALLOW
2026-01-16T03:32:39.266331,192.168.1.166,10.0.0.56,50183,3389,ICMP,7587,ALLOW
2026-01-16T03:32:49.266331,192.168.1.222,10.0.0.250,26500,22,TCP,5046,ALLOW
2026-01-16T03:32:59.266331,192.168.1.131,10.0.0.81,33147,21,ICMP,2340,DENY
2026-01-16T03:33:09.266331,192.168.1.139,10.0.0.96,44660,21,ICMP,703,ALLOW
2026-01-16T03:33:19.266331,192.168.1.25,10.0.0.130,41702,80,UDP,4728,ALLOW
2026-01-16T03:33:29.266331,192.168.1.93,10.0.0.54,15426,3389,TCP,7577,ALLOW
2026-01-16T03:33:39.266331,192.168.1.179,10.0.0.234,24154,21,UDP,6193,ALLOW
2026-01-16T03:33:49.266331,192.168.1.226,10.0.0.151,18435,443,UDP,9612,ALLOW
2026-01-16T03:33:59.266331,192.168.1.180,10.0.0.220,61589,22,TCP,2025,ALLOW
2026-01-16T03:34:09.266331,192.168.1.227,10.0.0.248,19948,80,UDP,954,ALLOW
2026-01-16T03:34:19.266331,192.168.1.249,10.0.0.224,39089,22,TCP,5170,ALLOW
2026-01-16T03:34:29.266331,192.168.1.131,10.0.0.133,26396,21,ICMP,344,ALLOW
2026-01-16T03:34:39.266331,192.168.1.60,10.0.0.59,8389,21,UDP,2803,ALLOW
2026-01-16T03:34:49.266331,192.168.1.8,10.0.0.112,18584,3389,ICMP,3705,ALLOW
2026-01-16T03:34:59.266331,192.168.1.87,10.0.0.156,28277,21,UDP,9077,ALLOW
2026-01-16T03:35:09.266331,192.168.1.85,10.0.0.67,17961,443,UDP,6584,ALLOW
2026-01-16T03:35:19.266331,192.168.1.87,10.0.0.180,25457,21,TCP,4077,ALLOW
2026-01-16T03:35:29.266331,192.168.1.134,10.0.0.88,47026,80,ICMP,9319,ALLOW
2026-01-16T03:35:39.266331,192.168.1.206,10.0.0.206,48726,443,ICMP,2308,ALLOW
2026-01-16T03:35:49.266331,192.168.1.238,10.0.0.126,62411,443,ICMP,1063,ALLOW
2026-01-16T03:35:59.266331,192.168.1.231,10.0.0.158,3425,80,ICMP,1208,ALLOW
2026-01-16T03:36:09.266331,192.168.1.27,10.0.0.148,40987,22,TCP,2363,ALLOW
2026-01-16T03:36:19.266331,192.168.1.131,10.0.0.11,7280,21,TCP,9003,DENY
2026-01-16T03:36:29.266331,192.168.1.223,10.0.0.58,63588,443,TCP,5560,ALLOW
2026-01-16T03:36:39.266331,192.168.1.225,10.0.0.103,53401,443,ICMP,3834,ALLOW
2026-01-16T03:36:49.266331,192.168.1.32,10.0.0.43,29851,80,UDP,8298,ALLOW
2026-01-16T03:36:59.266331,192.168.1.88,10.0.0.151,4379,3389,TCP,7113,DENY
2026-01-16T03:37:09.266331,192.168.1.211,10.0.0.1,6835,443,TCP,9209,ALLOW
2026-01-16T03:37:19.266331,192.168.1.219,10.0.0.196,21911,21,ICMP,5369,ALLOW
2026-01-16T03:37:29.266331,192.168.1.32,10.0.0.18,7778,80,UDP,9281,ALLOW
2026-01-16T03:37:39.266331,192.168.1.103,10.0.0.194,45807,80,ICMP,1860,ALLOW
2026-01-16T03:37:49.266331,192.168.1.227,10.0.0.81,25928,21,ICMP,7198,DENY
2026-01-16T03:37:59.266331,192.168.1.172,10.0.0.60,53526,80,ICMP,6455,ALLOW
2026-01-16T03:38:09.266331,192.168.1.186,10.0.0.120,58838,80,UDP,3090,ALLOW
2026-01-16T03:38:19.266331,192.168.1.94,10.0.0.169,54551,22,UDP,4483,ALLOW
2026-01-16T03:38:29.266331,192.168.1.121,10.0.0.218,53424,3389,TCP,6899,ALLOW
2026-01-16T03:38:39.266331,192.168.1.4,10.0.0.85,48457,21,ICMP,2022,ALLOW
2026-01-16T03:38:49.266331,192.168.1.163,10.0.0.246,42313,443,ICMP,5661,ALLOW
2026-01-16T03:38:59.266331,192.168.1.85,10.0.0.107,4606,3389,UDP,1324,ALLOW
2026-01-16T03:39:09.266331,192.168.1.64,10.0.0.110,48867,21,UDP,2366,ALLOW
2026-01-16T03:39:19.266331,192.168.1.144,10.0.0.153,47962,443,TCP,7086,DENY
2026-01-16T03:39:29.266331,192.168.1.27,10.0.0.160,7486,3389,ICMP,8029,ALLOW
2026-01-16T03:39:39.266331,192.168.1.33,10.0.0.199,37293,22,UDP,6564,DENY
2026-01-16T03:39:49.266331,192.168.1.210,10.0.0.82,60977,3389,UDP,997,DENY
2026-01-16T03:39:59.266331,192.168.1.52,10.0.0.253,29002,3389,TCP,3464,ALLOW
2026-01-16T03:40:09.266331,192.168.1.55,10.0.0.195,1942,80,ICMP,4835,ALLOW
2026-01-16T03:40:19.266331,192.168.1.185,10.0.0.229,36578,80,ICMP,3316,ALLOW
2026-01-16T03:40:29.266331,192.168.1.152,10.0.0.188,12639,22,ICMP,1559,ALLOW
2026-01-16T03:40:39.266331,192.168.1.178,10.0.0.205,46994,22,ICMP,5389,ALLOW
2026-01-16T03:40:49.266331,192.168.1.27,10.0.0.150,49994,21,UDP,5984,ALLOW
2026-01-16T03:40:59.266331,192.168.1.15,10.0.0.130,11943,3389,TCP,6649,ALLOW
2026-01-16T03:41:09.266331,192.168.1.229,10.0.0.113,49997,80,UDP,1277,ALLOW
2026-01-16T03:41:19.266331,192.168.1.40,10.0.0.11,60834,80,TCP,9337,DENY
2026-01-16T03:41:29.266331,192.168.1.69,10.0.0.93,38212,22,TCP,944,DENY
2026-01-16T03:41:39.266331,192.168.1.231,10.0.0.145,44689,80,TCP,4892,ALLOW
2026-01-16T03:41:49.266331,192.168.1.163,10.0.0.63,18389,80,TCP,2672,DENY
2026-01-16T03:41:59.266331,192.168.1.135,10.0.0.118,5427,21,TCP,2647,ALLOW
2026-01-16T03:42:09.266331,192.168.1.181,10.0.0.55,9019,80,TCP,1956,ALLOW
2026-01-16T03:42:19.266331,192.168.1.220,10.0.0.66,60949,443,UDP,4576,ALLOW
2026-01-16T03:42:29.266331,192.168.1.33,10.0.0.152,26217,3389,TCP,8025,ALLOW
2026-01-16T03:42:39.266331,192.168.1.28,10.0.0.208,18059,3389,UDP,4164,ALLOW
2026-01-16T03:42:49.266331,192.168.1.122,10.0.0.20,58543,3389,UDP,1480,ALLOW
2026-01-16T03:42:59.266331,192.168.1.220,10.0.0.111,31006,3389,TCP,3117,ALLOW
2026-01-16T03:43:09.266331,192.168.1.152,10.0.0.87,4945,22,UDP,6424,ALLOW
2026-01-16T03:43:19.266331,192.168.1.161,10.0.0.100,35691,80,TCP,3192,ALLOW
2026-01-16T03:43:29.266331,192.168.1.82,10.0.0.87,48513,443,TCP,1931,ALLOW
2026-01-16T03:43:39.266331,192.168.1.85,10.0.0.202,6577,443,ICMP,6882,ALLOW
2026-01-16T03:43:49.266331,192.168.1.83,10.0.0.236,38459,3389,ICMP,1649,ALLOW
2026-01-16T03:43:59.266331,192.168.1.135,10.0.0.163,11445,443,TCP,9725,ALLOW
2026-01-16T03:44:09.266331,192.168.1.82,10.0.0.6,60437,3389,TCP,6411,ALLOW
2026-01-16T03:44:19.266331,192.168.1.127,10.0.0.4,15068,80,ICMP,3255,ALLOW
2026-01-16T03:44:29.266331,192.168.1.59,10.0.0.215,37836,443,UDP,5205,ALLOW
2026-01-16T03:44:39.266331,192.168.1.196,10.0.0.41,20659,21,ICMP,2892,ALLOW
2026-01-16T03:44:49.266331,192.168.1.3,10.0.0.192,18334,80,ICMP,9616,DENY
2026-01-16T03:44:59.266331,192.168.1.236,10.0.0.250,27603,3389,TCP,3034,ALLOW
2026-01-16T03:45:09.266331,192.168.1.148,10.0.0.101,10435,21,UDP,780,DENY
2026-01-16T03:45:19.266331,192.168.1.194,10.0.0.169,51924,80,UDP,4056,ALLOW
2026-01-16T03:45:29.266331,192.168.1.146,10.0.0.46,17690,3389,ICMP,4032,DENY
2026-01-16T03:45:39.266331,192.168.1.167,10.0.0.183,41985,443,ICMP,754,DENY
2026-01-16T03:45:49.266331,192.168.1.207,10.0.0.109,7168,21,ICMP,4047,DENY
2026-01-16T03:45:59.266331,192.168.1.43,10.0.0.89,12617,22,ICMP,9965,ALLOW
2026-01-16T03:46:09.266331,192.168.1.45,10.0.0.146,33284,80,TCP,8944,ALLOW
2026-01-16T03:46:19.266331,192.168.1.230,10.0.0.245,29091,3389,TCP,3653,DENY
2026-01-16T03:46:29.266331,192.168.1.56,10.0.0.45,10242,443,TCP,4154,DENY
2026-01-16T03:46:39.266331,192.168.1.86,10.0.0.206,54267,21,TCP,1143,ALLOW
2026-01-16T03:46:49.266331,192.168.1.3,10.0.0.84,28372,3389,TCP,310,ALLOW
2026-01-16T03:46:59.266331,192.168.1.228,10.0.0.103,34109,3389,ICMP,8783,ALLOW
2026-01-16T03:47:09.266331,192.168.1.44,10.0.0.254,7362,3389,ICMP,5369,ALLOW
2026-01-16T03:47:19.266331,192.168.1.224,10.0.0.192,12258,80,ICMP,5283,ALLOW
2026-01-16T03:47:29.266331,192.168.1.72,10.0.0.135,62170,22,UDP,2628,ALLOW
2026-01-16T03:47:39.266331,192.168.1.158,10.0.0.32,9504,443,ICMP,4997,ALLOW
2026-01-16T03:47:49.266331,192.168.1.79,10.0.0.120,13746,22,ICMP,5191,DENY
2026-01-16T03:47:59.266331,192.168.1.168,10.0.0.72,25397,3389,UDP,6637,ALLOW
2026-01-16T03:48:09.266331,192.168.1.212,10.0.0.229,57626,80,ICMP,7891,ALLOW
2026-01-16T03:48:19.266331,192.168.1.222,10.0.0.3,34860,443,UDP,5117,ALLOW
2026-01-16T03:48:29.266331,192.168.1.251,10.0.0.53,60300,3389,TCP,3280,ALLOW
2026-01-16T03:48:39.266331,192.168.1.146,10.0.0.65,6694,443,UDP,4535,ALLOW
2026-01-16T03:48:49.266331,192.168.1.132,10.0.0.191,40326,3389,TCP,8098,ALLOW
2026-01-16T03:48:59.266331,192.168.1.36,10.0.0.68,63784,22,ICMP,8264,DENY
2026-01-16T03:49:09.266331,192.168.1.204,10.0.0.92,5727,80,UDP,9457,ALLOW
2026-01-16T03:49:19.266331,192.168.1.191,10.0.0.133,10803,3389,ICMP,9077,ALLOW
2026-01-16T03:49:29.266331,192.168.1.165,10.0.0.68,21022,80,ICMP,8712,ALLOW
2026-01-16T03:49:39.266331,192.168.1.215,10.0.0.118,28882,443,ICMP,2238,DENY
2026-01-16T03:49:49.266331,192.168.1.30,10.0.0.195,13855,80,UDP,7524,DENY
2026-01-16T03:49:59.266331,192.168.1.44,10.0.0.53,12780,22,ICMP,2225,DENY
2026-01-16T03:50:09.266331,192.168.1.92,10.0.0.10,9489,80,UDP,9072,ALLOW
2026-01-16T03:50:19.266331,192.168.1.197,10.0.0.194,27622,80,UDP,4574,ALLOW
2026-01-16T03:50:29.266331,192.168.1.6,10.0.0.51,28646,443,TCP,9623,DENY
2026-01-16T03:50:39.266331,192.168.1.244,10.0.0.230,20776,3389,UDP,5079,ALLOW
2026-01-16T03:50:49.266331,192.168.1.32,10.0.0.234,42240,21,ICMP,9778,ALLOW
2026-01-16T03:50:59.266331,192.168.1.249,10.0.0.37,51611,21,UDP,6697,ALLOW
2026-01-16T03:51:09.266331,192.168.1.6,10.0.0.227,12046,22,UDP,702,DENY
2026-01-16T03:51:19.266331,192.168.1.179,10.0.0.124,18932,22,TCP,7079,ALLOW
2026-01-16T03:51:29.266331,192.168.1.17,10.0.0.248,58250,3389,TCP,4530,ALLOW
2026-01-16T03:51:39.266331,192.168.1.151,10.0.0.11,30945,22,TCP,470,ALLOW
2026-01-16T03:51:49.266331,192.168.1.122,10.0.0.235,39966,80,UDP,2451,ALLOW
2026-01-16T03:51:59.266331,192.168.1.215,10.0.0.185,57478,443,TCP,8635,ALLOW
2026-01-16T03:52:09.266331,192.168.1.197,10.0.0.199,38209,3389,ICMP,4952,ALLOW
2026-01-16T03:52:19.266331,192.168.1.122,10.0.0.191,1386,443,TCP,6723,ALLOW
2026-01-16T03:52:29.266331,192.168.1.184,10.0.0.133,37308,443,ICMP,4497,DENY
2026-01-16T03:52:39.266331,192.168.1.241,10.0.0.210,58815,80,TCP,3922,ALLOW
2026-01-16T03:52:49.266331,192.168.1.86,10.0.0.205,15759,22,TCP,2213,ALLOW
2026-01-16T03:52:59.266331,192.168.1.164,10.0.0.155,52731,80,UDP,9755,DENY
2026-01-16T03:53:09.266331,192.168.1.252,10.0.0.237,23793,80,ICMP,6192,ALLOW
2026-01-16T03:53:19.266331,192.168.1.6,10.0.0.75,11702,3389,UDP,3012,ALLOW
2026-01-16T03:53:29.266331,192.168.1.114,10.0.0.208,56861,80,UDP,1564,ALLOW
2026-01-16T03:53:39.266331,192.168.1.30,10.0.0.157,22343,443,ICMP,4022,ALLOW
2026-01-16T03:53:49.266331,192.168.1.76,10.0.0.80,26808,443,UDP,6523,DENY
2026-01-16T03:53:59.266331,192.168.1.178,10.0.0.253,35774,3389,TCP,8107,ALLOW
2026-01-16T03:54:09.266331,192.168.1.166,10.0.0.126,20134,80,TCP,8567,ALLOW
2026-01-16T03:54:19.266331,192.168.1.16,10.0.0.180,62995,80,ICMP,5752,DENY
2026-01-16T03:54:29.266331,192.168.1.200,10.0.0.7,40773,80,UDP,4481,ALLOW
2026-01-16T03:54:39.266331,192.168.1.60,10.0.0.173,13797,22,UDP,6590,DENY
2026-01-16T03:54:49.266331,192.168.1.237,10.0.0.58,36366,80,TCP,4709,DENY
2026-01-16T03:54:59.266331,192.168.1.137,10.0.0.177,62053,3389,TCP,6094,ALLOW
2026-01-16T03:55:09.266331,192.168.1.23,10.0.0.192,49737,443,UDP,6801,ALLOW
2026-01-16T03:55:19.266331,192.168.1.117,10.0.0.2,40484,443,UDP,3838,ALLOW
2026-01-16T03:55:29.266331,192.168.1.9,10.0.0.137,60573,22,UDP,2114,ALLOW
2026-01-16T03:55:39.266331,192.168.1.25,10.0.0.251,8179,22,TCP,3498,ALLOW
